insert into User (UID, UName, UPassword, UEmail, UBirthday, USex, URemark, URegDate, UStatus, UPoint, UIsSectioner) values (1, 'admin', 'M9OJUVEGX4IQ6WYHHN0HEBH3PBVIW3AB4B8AI4QX9XHOECONMN4D4MQQUSUNV616VQL2NTXJBXUNTFLN3D4NIJCKTRD1I7EANAMH', 'CUPO2SVBLOB9N4EVSUFKF507P9KYW8E47PH08QP97XLO85EFNIDVKQ8KUDVNVUJDMVJ66P89RJ06F3KINC160FAGVRM1KJKL0B4K', '195-4-9 0:3:9', 7, '1  KU64S 89A0N0J S55W7WCXM1B70TARL6AEUO5TJKO7YEO80MQ QDDIO9IGQ W44WIDJ78GNR9B3GBME13VUC9J7JYJBVJ304J', '2013-3-9 0:0:0', 8, 8, 6);

insert into User (UID, UName, UPassword, UEmail, UBirthday, USex, URemark, URegDate, UStatus, UPoint, UIsSectioner) values (2, 'alucard', 'UKAD73U8U52PH9T74OU6YF12RJC0U60ROWKNIVHP EP5W8QMII2D4F8WLK3SB 8SQ8OQD2I OXEJ K82BE24ST57 G86IQI2NYV4', 'U5LDMURCNUJG8AVIYRLMK8NU8U2ETXSSPTM624BXWOT5U8J06RGKSI4VNSB1JKEMSY 0HHITP8K6 V01YUVFF7G32PHGNV0WN53S', '1794-8-21 0:34:26', 9, '3GF9G5I8 H6NLT2KMFCLLOPG9ET9LL4SI7R4GETYBXDMM2LPYSRJCIV 2 2UP3EX SGB1SVY0OKU8TS70NO DYELWHHNFNUOHMJ3', '2013-1-29 0:0:0', 13, 0, 9);

insert into User (UID, UName, UPassword, UEmail, UBirthday, USex, URemark, URegDate, UStatus, UPoint, UIsSectioner) values (3, 'ejufang', 'HWHNHFDLY0HE7NAJT PG0EK0CTVT48PJ01RXXI23HNC7VGCUQSOOPG85B23VT9XSQIFQLO74T IL W7GIGIL7ILQFPRQH2OVWRGJ', '91C44MTS6XL24TO ESDOBDG6RH3QDD74TQ80RCBV YRP VINMQTWS1VGEY9BJ3ABNGQVP9P 1FDRFNPI3D29B8756PJ1B4387YSA', '1404-7-20 0:28:29', 2, 'WJ8X9D3H N5VH31GF8 K6SVSTCIYGIS8RTOQT14HH2FRONJ37FIC 5O  2TWYOTABNBBW5IDAIM B9LSFK9HS58J1QFPHQYFC0IU', '2013-4-18 0:0:0', 0, 5, 3);

insert into User (UID, UName, UPassword, UEmail, UBirthday, USex, URemark, URegDate, UStatus, UPoint, UIsSectioner) values (4, 'dick', '4BVRR HFC03 OOJLLHB 8C9LWNAYANGM4QDDM H7OPJ5BHTO34D9R1Q9UUEB9GXTB69F6OK2US9S1D8JU305N7274GYGNT3NDRFI', 'MP9CWPJ6V6HCTVNBD0PUQ13EDP8I1 LVPC4T93L29WRITGGUURDNR8I2WF0BO2LJMC8XST8O2L9464IT8B1IXFKWMEKLPQJ9O69T', '451-10-10 0:8:33', 1, 'DJXB3A2WP8J0XKQOOXMK62AR5RCGORVNJHW8KKCXPCCWG8OV8WNOKSNMJ6YT2PD68MMMDICROPU8VA82LY09GF00RTGPFH71V25L', '2013-1-20 0:0:0', 1, 19, 11);

insert into User (UID, UName, UPassword, UEmail, UBirthday, USex, URemark, URegDate, UStatus, UPoint, UIsSectioner) values (5, 'admin', 'HG466W7UYPYTWL76CCJ1C92G WD9WV8Y83YTT6FOA9NOW0T46CJTT2J4UKF34ECWGT0SKJ51PD5WL512BKAVTG2FNYV3P7GDG13V', '7XFG9LIWYTA9JV8V NDXV0SVQDG6LTODAHCXEIT5CGEFC2DWOX88D5CBFCONPJR1RCJUJD7YGQTQOYKFT2V6H2QUGTS3U4I GDR3', '1194-10-23 0:23:17', 15, 'B674JVNI2DOHFC3B3I6SIYCUMPV0DA925GDYOT4UX0OGWS2HQE8X 8VQKU5166KGN7LE3WF EO5HRD 2QDINWQ4F8B26A0FXN6SO', '2013-1-1 0:0:0', 2, 3, 1);

insert into User (UID, UName, UPassword, UEmail, UBirthday, USex, URemark, URegDate, UStatus, UPoint, UIsSectioner) values (6, 'alucard', 'G7R7RPM9UL6ES7JAAO375Y9V1EHV0OTHHGTJHDY8K TO6URSAWDFOVXQJ0M2F0KNOD9LHWWWNPSOJH9RW7X72GYLNXDQKPI55 94', '9PK0IDRP5YRX8U562G6XIXN6DPQ08A4QQCJLPXR1WXMJRYCWICPQDQFO7T2KXPXWKKJSCWMLK4P1A0W3Q954R5KIQFVSH6U1 2Q6', '1289-2-28 0:25:57', 13, '9VIDFQA97KJ2FPOAIWWPLEYQ8I0911B77X231EJM3BA26FMAMNU NDG21Q7XPCPKINNV9UPHOVKCFLLCK9BBG9HPB9S0LKTF70I4', '2013-5-11 0:0:0', 15, 16, 15);

insert into User (UID, UName, UPassword, UEmail, UBirthday, USex, URemark, URegDate, UStatus, UPoint, UIsSectioner) values (7, 'ejufang', 'T7Y12777HH4B6J5VPR91U HTTWNCY78Y5MD2UQGB6N538TKUHDHCLY0G22O99W 4OV71XG98B8 H9S2PV72DIF9WT55L8SIU32BQ', 'NNEFE77VRGLO722KI1RTYXAGS5RKPX54 IGP38844QHSW1U6G41TD2AYV W7YNIKOOGPXPKKC4WMCXMRF2OW  LEOXPSI5D449A ', '910-12-22 0:18:29', 12, '45S1T0HVL5175FHG256F4Y7AM2QP EPWQA5KWSX75VQUS7DQNY0246R7S4WGXN3W75CITSJMNIQEE5M89IPNIMIS4Y TQYBIPJ9H', '2013-3-31 0:0:0', 6, 7, 5);

insert into User (UID, UName, UPassword, UEmail, UBirthday, USex, URemark, URegDate, UStatus, UPoint, UIsSectioner) values (8, 'dick', 'GIK93T2JF7UASLAQ3 WL EBO3J3FLRAHGVNX8EKWYMCFSB4MY2Q34MAK1PDC0XLE1G0V2FFW3K98VHCWQ1059WYWCQ5ALXC4D2HX', 'NGVMFUHLKSBTDG7ODBOI94 8QP13P864MSIDG 4955PD6PHUL1UPNOPQF1OEWKLYOFNHGM D8Y79T9NA9J51 K9K B3M63BF8FAD', '1655-9-20 0:32:23', 0, '1XT1KQC3F5UM4KCD G9TPN 5NXSPF337HJXYH27EUJA9FR6JR8ONK63 EKN8KH9NPDXN0 6U6015ENSOMU5CVHWX8CXCD6IUPLLY', '2013-2-13 0:0:0', 16, 13, 12);

insert into User (UID, UName, UPassword, UEmail, UBirthday, USex, URemark, URegDate, UStatus, UPoint, UIsSectioner) values (9, 'admin', 'CRGJ3GNYMNK4465NYRW A M27HJ2MF52FL5HALQY3T3GRMVMB5LS8R6L6SX616DE6LU0085RYC4QEG7B0G8YJ8K1EE07STU8 TL3', 'KNJQFI6U9D40KMG7CM66A0010IDO5B33XWIEXIL9K7J86HDKXPE5T2UK H3XW NBO5XKE5C7RWWBAQB6VG29JUVPMK3MHR8D104J', '309-11-6 0:7:28', 18, 'SSF7FPYYBP3FUPULQC6V 1C44LT12QHFHTGD76P0F96LAKQRCH1P0XG452HLVR 8Q7YDLCO94MI5AKJUWKVL4NKPST33R277B0XF', '2013-5-27 0:0:0', 12, 6, 13);

insert into Section (SID, SName, SProfile, SStatement, STopicCount, SClickCount) values (1, 'Movie', 'M99IE66PFPV1M4 ED7X79DHY9XDR5HQVDQLDS37I32 S8G4B BRGWRL1KTSWOW67KKNO3YHD4HTTNCT53BU76G2HM5T7G3K0OOW9TFBNXUVU1H42EB087IUMLKWQPS01OFKQK0BPHHG7MJAE4WVW Y7XA174MJ 91JNBW7D5B4OXM2XN10T9PON3Y1QQFW8OS6 THCMO', 'HU7MF1718IFWIC WCS1OSDGOKK2F1QOM9VIF3JQ1VUSXIAF0C842X DIOJ 6V91 SXSYJ WWAEM3NDWRI18MJYPLJMYWD HAKTU1FHJI9819H4452S3KCFCE30HBNSFOLTA7J3QU SX MX5AUC5P3DLHWEUUSKJCDHGMLST2CX0GR29I43NJLPVK1T5G03RP1XH4EEGG', 8, 7);

insert into Section (SID, SName, SProfile, SStatement, STopicCount, SClickCount) values (2, 'Other', 'GVCMAIXHG020HH1YED6KG8PKIV3UXPK8GA6NWAEP7MKJH4FFYA58YWQAANCJ FXUGAJYULS9N22TY66NHGW1B4UDSTWRBNPQ29N7EOTANV3I27 XEVK W1YK37N QB68HYHO1LG1N1X 5NRPN0 M3N5PYYBE0B VCHVA3C0YM P8IUPKNRVACYURLPCSYGXBXGAO3U N', 'LWOKJT3BQRN7M91K2Q8UG0CA4JC4SRKHMF9SN9HB1HYJ0R4H50QEDXSTT7PSMIERUIPBVGMAYT6YOTHJXY120BW5R41XR8E35OW YBW5XPOLH0R2K8EIOKQA50OY5FCE0SD8PO21VIL7DRULUYR2NYOFQWLYQIBRF5I9YC46B1X9CFYSYLWOBQDVQAOQIRNFVGGTKXC0', 19, 6);

insert into Section (SID, SName, SProfile, SStatement, STopicCount, SClickCount) values (3, 'Game', '0G9UF1D9FDMW4RRXPE0MEF6E T32GU8TVN94BEHPIJG WUUJMGD19V45R FDQ4WFQ741J 5YXBFU8VD25O8TE9IN5P56G8CGO427KQO7A89DOEU4LB8DT1A8G6XP7QA6BT4VSKQWP4K2TX5JW PTGKRBK09UK2NYS40YR96ITCN7AUC8ENUVB0FKX8C47KOAR8B1 G7R', 'AFCSC9LGP1C 1YP4 0IOGEXSFU6DF0A1BADKFFGLENF98OWURFHUMK3FORC1H1S2ILB0O0MBW39FBTFTY5TY4890P7HJOF0WHQ644 DYKIQ3T63YXBEF0EYG6FUD0EBLDIVMY7DWBFHI6IWGMG1AHUWR97JJH7EDV4 W9HFSKRYK H6IGF66NB34NNCT6V8I78Y AIRE', 12, 14);

insert into Section (SID, SName, SProfile, SStatement, STopicCount, SClickCount) values (4, 'Music', 'TKOLPESA3TL GK4QG78QSFXVGUED TAIFXJSTT71FBP6W9 PMRPI0U6JMYCTDS7PVYX 96HTECN6T2DMH5B LVIAH12XQSYJXJB UIV9JLRE9S NIYHABGA9VX9WR5UCW1 9CQW2X53SG9R9U9BAYG6S3WDL32IJN6X0JOB35EH4K4XX0GRFCN3B0MNJGORTI3Y0A08G', 'BWFTRLKLEK6IRHUVKBWK6H2L3SYI8WTM2JVI5BX8 M3A0WSIT5MUJVF7U9YUB59ITU3IR0G89OT4O1POOIODHV587HP TO5C6DOB9YKFRAXD27T7 51G58AKKPRJ3SSG74Y5CA1WMFX0HRJ029G6QJ9ESIEUFQOFJF2UP5UUGEYNATJ8VEG5ICO 80RU8MQXC2YV4GBM', 13, 12);

insert into Section (SID, SName, SProfile, SStatement, STopicCount, SClickCount) values (5, 'Movie', 'BALOSX0F8GHTCR8G155WK0SWEDPPGFYA32UGF7TJ4G0AUB4020MH802SRYI8XF4YPEE5RCEDV4L9RTJVL1PS8J8IJ7KDPHP TEA12L417JBU1PH6KKRYEACD8VTJOYT1PJ84Q7MVF7YSO8B4I9XSL ORU5YSV2 Y6RS 5AUDAY5INNO5H94PQ4R8 MIWC YOIC9XOTY7', 'GY1MWHU6SJBQQ2IRVNP5XI2UA9AFE50RAAYSORQ8R36WP3 C59W2VC35LJKBC SW7Y8U4KR0ATVARMJH25RHM H12Y1YROSXXX6 PNQ9FY268U025 J0L58TWVQJLVFRTLY4XRRVN26JKSG5FU8UDJMY 4HSQ1FMMPGUCIAW36F 6H7 J7MYIP53MXX63MRQPHADIE K', 10, 18);

insert into Section (SID, SName, SProfile, SStatement, STopicCount, SClickCount) values (6, 'Other', '42A211GS223UQ7GJO9QA4TRCJ0SWSRG4SAK7WGTRDKCYJMWJKHQYAIP9OW8G W44NOX9DU7X044G5NH8T3BM0YFVTIAVQ00ANQ3BJ EC6GHFLGXV3A5OEXSSESD1KQEW7DL2MNF5LP9MW54RMOL4N4YSE2PI2LXDBXRUSIJPHE4E6PEE49VN 6DQA3CJU1IBH4MNA2DI', 'CQTRHQVYK 8UK5N2PVFRPYOL0I L2WR8JJ4T1DDK5GHP788RM14CI9RTWSR1MCWFDUXPB2XIICGG189BCT09KOT5BRLWUXXU08INVFXNBR2LSEFYB1SN 9XIR7C1HUNA9T1JBX7 T81A5RN5J Y5SYJ08DKX744SB EY8 QNUOSDVD5FKAU66N9VAVMSSQQH0M92BWU ', 15, 11);

insert into Section (SID, SName, SProfile, SStatement, STopicCount, SClickCount) values (7, 'Game', 'LIETJ29HWI LMLRQ411YIG9FQ225DUR78DCL41HSQ8MXWQ40HGECQ2PLOAQNC5UL9RW13B7B NCA3 RYFART63HXDR15IA3N TR7OJS5HFH1II83MX8AMLPKHT7A8G7IC6JR49VMOM42LIE565S7TKLW578CXP5EQQH1NVF5GO51PYEXT42QHVSG33U8028S4YO MRMC', 'MFLCQ5GJG1IS923IYRND2J4ON04Q6X4G18IDJWCDSNTL9W8FWGK7TC8T4R7HJ6HOG7B75CWYO0D0EQ8C7S3DXS9KT0IH6N0GRYNDF4GHTFL X1V4J2QPAHOOM7XJUB7PEDUX9RNBDKQ7488T5XRMSWB218Y5C0QJBV4OMRE 3IPYBKNJPF68EG5T1E0HIIN706C1FEW3', 1, 0);

insert into Section (SID, SName, SProfile, SStatement, STopicCount, SClickCount) values (8, 'Music', 'BH779UMIRGLPIC3WJ1NKVEY9 L19C50X79RHS0R Q5MKPNO181XM2I7JCV6667CTPQ0HP7TQ2L6GYEXWHFTB353KQDJOJ0O3UYYEM417IK3475ML2176GW C93CCTHD 6FD71A 2GC 1CANFE1SGRAK4JHLGIJ0UV1VDK7F2QI7AD5CVB1 1LRUAND1Y2YK7K3R6U8H6', '6RB7UASOH1UB4FL74E8A7E74IIA3PYLJG73L3HKOAOD8X28MCBK0BBXTDFFKHMA976CFH668FK52VHXMAPQTRPQ2PX2WTG0EBE7KF942RGCK1OWW2G7FJXOP3EA4TF284YJOGM47OEY4JKMDBW99LA7ROMWXKF19JE0Y0YAP2XOQI1S07RYE X0H6UJP88U00N3BOWWV', 4, 15);

insert into Section (SID, SName, SProfile, SStatement, STopicCount, SClickCount) values (9, 'Movie', 'T4YMB 8J901GNM BC 9D2F6RGA7GHPKILK6E6W556E VI5KXSXL 0ICE7R2P7RAAKPLQ1 6PJ0M7YHEXP95OHQS13025PKNYPSPC 5Q7C2JWOOICDGUY4IJXVYNKR2T3KHTK6AGY4625FOBBMCC2K5XBVY4I48CF6U0GQ5CA FER1DG5Q74UIUJOXQG3MU0T6B4OWFLT', 'EX134TG0G65LQ005SOMG0KNAJ2 C 0K4NRBLKIXQAPF7YHIA83CV3 V0KDQ9JR70B3N72QROHA8AQ91KUKO9S1885R3W0H BG3ULXWVGBAQK76CSCXCOA4R7VQNT0GBWNAL3DECVMFWDLXLY5DXP JRBTAR79U TYLANSINYSXGP25452LQN5KR2MTLVGQ A1E5YJEIR', 5, 1);

insert into Topic (TID, SID, UID, TReplyCount, TFace, TTitle, TContent, TPostTime, TLastUpdateTime, TClickCount, TStatus, TLastReplayTime) values (1, 4, 4, 9, 'WE6DLB79XSY9B2459KVKAY2KG1QAAS3B1YV675WGCD3BPG1KXB87T CMLUEEY8AMVWL N7SLMWDFU3PKJJP9YKXT0PTA8X911R8D', 'I have a question?', '6WSUS17XJI1WHDAOG1IOASWQ6UQM9UIXT9JLBF1BMXYPO1DSQFGBXKFDNSW5X065BK9D17SQPFO281UEAJILMAXYYGL7T5WYENHQQCVYKS5H4SOX8A85P41OP47UXGENKHREB98LPR5MGA9HCM2VQSWI730FHPO9W0FFVX5099HJH0B11HD CKY8GQ8MR39N66U5NWAD12TGK 2BFWDXC65D2EYC9G DR06827SKH5NXCR1T7V9IQ0R9BJ8RN46', '1135-2-17 0:21:7', '343-6-30 0:6:54', 8, 11, '1464-3-31 0:29:29');

insert into Topic (TID, SID, UID, TReplyCount, TFace, TTitle, TContent, TPostTime, TLastUpdateTime, TClickCount, TStatus, TLastReplayTime) values (2, 1, 6, 8, 'APIW3A10LSSDJ 6B7GSLKIQVMTFKVLNXRXA21ADHYKGN73IWAMCVTP 0R0QKK7U2XGT7D5O5CNGGL PDA3MX4EDGQQPR10Q51XDS', 'Thank you!', 'VRKLINF5CPDIVHFATSH4QMUJ 4KYEPWHBWX274OA7GRRCVM5D8SWXC3KG4YY0D71NJ6JQDLJE68NSJGGC9YHPBOECI8 MSYCMQGVWFDM0XUEUPNEC83OX6 Y28WOL7LAQ6YSNFOOUGO3JOEMT5F6RM1LVUKKI227A6UYDRR9K4RQ3 G4XQ4KNMA1SJS49XXTDTDWKWEAJ0881A2BN9HDC8TGK88P1J78UPT36HV5 S9E6D21QRR TO5ETEKK9SG', '78-11-23 0:1:46', '1557-6-2 0:29:39', 19, 0, '280-8-4 0:3:25');

insert into Topic (TID, SID, UID, TReplyCount, TFace, TTitle, TContent, TPostTime, TLastUpdateTime, TClickCount, TStatus, TLastReplayTime) values (3, 5, 6, 6, 'WUB8DB2BIFR2K62HOGSUQECE13CFK5PQ50OSY221MSM6P8SLD94RDL7018P3845CFX5VBKRYA6ETMUDTYYAOI0ELCRU63 JCVJ7E', 'Hello!', '1D5GWAB1LTU XM8RKQVAQDCETW8FVPQR4C6MLDE8ST5MHQ 2HYVDVLS74WMLQCKTU0DND4TCBIFEL5XCVHRDIBPO2S1S4HNRYB1XBIUT67YNNVHJ765QONXKT8MTWQI9N14XEUXLPYQL1194CRAWC1G20P7HWWTLGR81JOO6POFM07 2IM3AC6IWLI9NT6EHDRLRJTSJF0A3P4MWF 7FG1CE0NV68Y97R66M3D6AECAD7V6P6WSUBVIB1 V0PXI', '663-8-21 0:12:1', '977-4-5 0:17:41', 3, 9, '1637-10-11 0:32:56');

insert into Topic (TID, SID, UID, TReplyCount, TFace, TTitle, TContent, TPostTime, TLastUpdateTime, TClickCount, TStatus, TLastReplayTime) values (4, 1, 2, 19, 'WL0ROB41GPV1WBA 8KIK0RVOH 9UCFA7J37IRKXRQO MIQ1WY9POVYXH0M8DITX0779RA XS4TU9SAMOCAO7LP4DIHVUTONGA6MD', 'Hahaha!', 'NFXH6USXGP 2WGRW083T3I8L2W2N2N4H3JNRYAP8OQTT5BG50H5SRIWDH8BBBDQMGOUWLV4G2BPILMVHA8FXGP0U 1WMR3DI5WOGQX84CN6QR14L2713VDY3IRR G0UY4L8L1PKXOFKO75RA2IXUOQCDI9NFH49VVKA57CYPTN 9IFHLHNQBKU630R1PWE BC1FOYWHG0SC09CCP4KYCBROTKX86UPQJ5N0A2CIB2OC456MVAKVGPDBB6TBVITE', '1-1-1 0:0:0', '1185-11-15 0:20:50', 1, 3, '1344-3-15 0:26:58');

insert into Topic (TID, SID, UID, TReplyCount, TFace, TTitle, TContent, TPostTime, TLastUpdateTime, TClickCount, TStatus, TLastReplayTime) values (5, 6, 7, 3, 'Q8BWPA64MQ2DF LPK0O16B5NIH02CFAPGPAPRE7QMFG EV98YJS3G2KHLINCBKPGHD2TVPP16FWGTMX6SOQ12R5JVM5NBA RPWWN', 'I have a question?', 'YBG6UCJNLBLFHT5YLSFHRIIWFHV5G2DA3HUUTL8VRN7UL0D7H1AL2LWI8L0CBQYVNQPRAO5DFELMMFWHDXNTVT6GX6GCES3XISAC3HUNEJ8KEUNA5VJK84VFTEXBEH4LOS8XNXUHKI 9E3HBXUAXYEFBG1HAM6D6BINJ3YHW0A63R 5KYBNWHM7AI9O 061BR7Y05K481DI8ADAANBT7UTGURXDX8V8 JM2X8RY5 U2JF7G3KFDBU CR8AVHIPY', '768-7-25 0:13:47', '1-1-1 0:0:0', 5, 15, '401-6-28 0:4:32');

insert into Topic (TID, SID, UID, TReplyCount, TFace, TTitle, TContent, TPostTime, TLastUpdateTime, TClickCount, TStatus, TLastReplayTime) values (6, 4, 4, 18, 'XT EHGJKH0DERERA0OICWC67VJN6RM4L1JVLIVL1I1Y5FB66L6OV1VG7MBTL2I1WNVOR N7I8TK14RCWDSBIE0OPOU4EV70SHWDH', 'Thank you!', 'B849QEL4HGADT9C6SFQAIU6X119WRT35UOK7KF5LH4RCHMSRJ4U WWI80H5KLQINBTA1EMHCJV BVUHIPOV9AP33A0VFPIH6SR98Y3S7FR2  2IN AKBCO3BQ7XEI1ICKSWQRH7W6XQIQ0W7C93RFSOKJV7T9W6RAB6T45Y32P7GO2P8257MRQ2I4V9GYB4TTXM8458CPMAQ882MNL6ABTIM7B4FD5WXBC93L2C2YB9QLA56WFTNU3AATECA4X8', '867-9-7 0:16:5', '455-1-29 0:9:15', 17, 16, '995-5-5 0:17:46');

insert into Topic (TID, SID, UID, TReplyCount, TFace, TTitle, TContent, TPostTime, TLastUpdateTime, TClickCount, TStatus, TLastReplayTime) values (7, 4, 8, 16, 'GHOIBMK5XONM67L1YBMQ9HRC3YEAJWBR6P8GQXXWQPFD7C5LDV25 SDKJRNG2BIYB97QOB266373S49T4KTROD8OR674LQEVOUWK', 'Hello!', 'BAHOY89KPYLX6QI2NXKGXV6PV8J02ITR6EDYQFQ7H4FOAD 3M36 RPC4K19R2QP9KQ7RSD2NL7XEL2CGM3KR6HLVJ39Q3N1HHJE8V3KA35CI23WE4S4RO1IESHFNC 05UFF26C6I1A5Y5JO8GHGF21E4BNPPD8F6E7YH7NHSA3X8KB9AVLCROX6IXABN7MQBW2V9 ESKMHDDL10YI O96YE1DDKS872IWE3PVMYFTIGWR5ULGNJ0L3C9D5XX9T8', '298-3-25 0:5:32', '1794-2-12 0:33:40', 0, 10, '826-4-9 0:13:4');

insert into Topic (TID, SID, UID, TReplyCount, TFace, TTitle, TContent, TPostTime, TLastUpdateTime, TClickCount, TStatus, TLastReplayTime) values (8, 8, 3, 15, 'NI 9PSDNPSMOGTQ9J32L3GK50V0PYQP3EG8TJDGRUMKLGQPAXY6RNJ78FOX3KV E26VYP1 5J3WDX5MBL2EWA0P 7760QU7GWYG3', 'Hahaha!', 'O XSLOAKUFM7W5UCOOY3KG4VQF61DI2MPIM9BJ1UG0GT 45TM1JS3ONK229O2LBCMTQ Q3CPT 0OAJU6XCA47JYMTNHTDKR5D6UJACFMLOHAILG 38DS3P8XPHAJ8UCG2PRPWPAUGDFDU DHQCBMHDD EQA449RAPGLF1YS726NR ONJD5TNL 1YLJF 12KEGDPQRDF7757E967QN2X08JPO1VYOJW15DBTWJJN M9IIFBR88F 1NAOOJOCXNU8', '1212-9-25 0:23:28', '171-9-13 0:3:56', 10, 5, '1282-12-26 0:24:40');

insert into Topic (TID, SID, UID, TReplyCount, TFace, TTitle, TContent, TPostTime, TLastUpdateTime, TClickCount, TStatus, TLastReplayTime) values (9, 3, 8, 4, 'YRJB9VX7HHGTHR28Q1MX1MEVGYT4L446V1NTWPKQHS52VG2CFJKHWBQIG3A717IIT30YHL7 3UQBCST9K16 1UV6DV6DEXTSVS82', 'I have a question?', 'KO2VBIJJF3E5CTDRWQFI6Q1X3WRFN0D0BJA2J8R2XHA3EB0GAX7G2UWBOYU8VOB1S6KY9V2WOLOK9BAUIIRXIUFEYJK5RE PYUCBB2RJFC20QPPRGA2DE8LL0MHSQA27GU27R1F9NN09QY4SK0 IVWQ1L30283MJMH01SH63FHWBC2VAYK7C6DNO6XI5 25FF3EEOOHWIS1IUJMFHTF5POI8T58KR LHG3A8XF79CLLILGI4KL7I1DV89QD2K67', '1840-6-28 0:30:44', '113-7-2 0:1:40', 14, 8, '1-1-1 0:0:0');

insert into Reply (RID, UID, SID, TID, RContent, RTime) values (1, 8, 3, 7, '3B2G2WWR8X0ABNUTE919OORVMDVS1Q7JXN1H 4BJWUM X0LWMNI36XRXAYDV6CSGLX80RBYAK7N6RD9L7DIOHIILHHI0I68A9O6SIIV8OWMI9SYN3XUSLNJHV8LDWWPLM9 K64672NRLOI0EMJ15GUMLJ9O24INFPVI6LS6J1VX597WNIA7MUVMJWGGCT6LDWD7FLFC37UMV6P9SXX51JUKGUF9DLH8M3I85T9B8OL GD6VQF4D843O0NK4FX6H', '2013-5-6 0:0:0');

insert into Reply (RID, UID, SID, TID, RContent, RTime) values (2, 2, 8, 3, 'SJRC9URUXXXWQV2NVX6Y568AD05NS7DA3WE0N7PUKVETHG2Q7UBOQ47W9025SQDV98GCB96G7RFVIW7C7WGYWB68X55NSOVJI0S17CGVBA4VQUQWVABVO0M16BWP57STP3 KBN8JYLG90V8YTLE73DCCAUON9BAA4TG QABYP736AGK84T B7HCA5FJELWVSMUD IAYWO LCHYTNCC594BX436EIMTBAK9O RLL7IA66NOE6PYQRXRQB1NXAUSN', '2013-1-28 0:0:0');

insert into Reply (RID, UID, SID, TID, RContent, RTime) values (3, 7, 7, 6, 'UWK50L1YVEUXSRR01TWD5TLLHGRKMTH7S3P9Q8D350SPWWCLKYRHIXHQDAUJ12EMH2 BJU7ABLN2V3EGAUK8GI3KW0OUS70QKC3FFN54WXEHSJV3UQQLDTWT5PEBQWPRQ 7F2YLGJBE3CBIA1G3C83BHBXJIERP4WKU Q  G1KEVVM36VCW NONVTQ3R I7K35XIF5JKD1JLEO84F9SV W5J7SF8CVA3JFT7TQGGNNFQMQFS1LT255XC58BTXKX', '2013-1-8 0:0:0');

insert into Reply (RID, UID, SID, TID, RContent, RTime) values (4, 8, 2, 5, '1LIA245T55S2MT0624AGHSS2EIRY8XF0YS4HVCUMWBGSD0UR89TJQ5BG6ALWY59CORIY518R9P3ETTKGR86CA64 ANH781WMDDDO8HS133Q5MJJFFXUJDHRERYP74R8HGL228L26HDXK845PAEX8 8RCVN2RF26ENLDV3XLSUKQQU6UBPW WWENF3DX2SDOTWMNBFQXEUYS0G 23BS5FPH04AX6QKTO3H6SYPUOGGU99VFAT L24QPISK86TX48', '2013-1-23 0:0:0');

insert into Reply (RID, UID, SID, TID, RContent, RTime) values (5, 1, 4, 8, 'EYV7T6UI8WSRPL426W1XP3YSPAFXQTOBW5GVBUW21QHI 09YSKXE9QRI44RUBYL2O6U79JW20QQA58SI5Q9SCA8E30MYTWJINE49VTA860KBM57CNE8UUBA7M6MSWWWUOIJJT1ABIW3E9GP4LV5U4 DPN4HEM2Q6JGH62DO4V2NVCL7I8SGNWDMP0O2DF7OQWHIP3PYH2FPLJU58N TNCAV2DUFV7 3QC2BBRS89Q7VYX7Q0XM Q BKNF1RJ8T0', '2013-4-8 0:0:0');

insert into Reply (RID, UID, SID, TID, RContent, RTime) values (6, 4, 8, 7, 'FD2RNA2ABHVWWYHSMY5WARVTDOUFK7W13BHVWDUMLS8RVJATUL9OC32E4L7XN67I1JRTS25903CIT  XKM0JCPVRWJBX1OHEN7GXLTT0LNHFBYPXLNLXBS YPPM9KLBBAFJO3JGABOCVDKE9VANEUWXQKCWWH80JD97QLIG49CRFKDS1AY0O 20HJG7 PBN0BKYV F19HLXS18C1T2RMEO8AP1TSJ 5BM8I2MC322FCUEHDOGVBA7IHT7 DSXQ5', '2013-1-17 0:0:0');

insert into Reply (RID, UID, SID, TID, RContent, RTime) values (7, 1, 8, 2, 'PSXXFFUEL6NPMVVX08LEU2SEH63QKAI43CDK7VRGK  1A3KTR6AXM84D9S12WMN91V10UVGKAO4O6B1ODD 66FJLUBFUOEWMRYF6W0MURIL6TCAWUXLP4XG2KYSQ OE 38V64AF3OPVFTGNPW0W9BJPHG IS20RWMCNIF9D0CLAK HW1VSM0OMIF3QWAAHVRI1XXU2E QH60BR7MSHF9D K6TJ8T7Q6OL TEKBW8HQOHX740CBTPN3VVLRL6IXE', '2013-2-6 0:0:0');

insert into Reply (RID, UID, SID, TID, RContent, RTime) values (8, 6, 3, 8, 'JDY98Y7KRWQV 29NIUK79 UWC1U2K1QR3 Q50JDLBVWRR6T569I 6YQIBE5KCTETTA4BL04KG1P9EVFGX8JEXAO 5M8Y70NLXP0F565FINL5PU2QD2YKAYA04AIY5YRHJE9311RJLM35T1BM P6KC KM8NKAG3KAE3SV0PSQMIRW3I73YSNDEL4D9LXIM3E75AI51IL67K5WAFELAJTV4533QN63HR5X61F9DW1HVMWKA70XQW6UE72522 E4 8', '2013-3-9 0:0:0');

insert into Reply (RID, UID, SID, TID, RContent, RTime) values (9, 7, 3, 1, 'EM3JFKIKMTAM9DDPCVF8YFGA6BO QYXJ3HUUTG1312O 81KPG1DJTNQFCG0UAMSLUGEHG5H3IFPOL4OQCDMOXU1R6599622DW1FIB0WMBHTHFOO3FRQAP0J1JU91DI9EXKB19RI51L84P3PIKVV0FHJKTTHXUH4RY2490BPTRWQE902E16XHCUI6Q42QDRJ2GFHDAW27VCT4VC8JIXEGK 3AGJUAPFKDB9SLN19F8LM69CUE15GN412QHPAHGSE', '2013-4-2 0:0:0');

insert into Section_Master (UID, SID) values (1, 1);

insert into Section_Master (UID, SID) values (2, 2);

insert into Section_Master (UID, SID) values (3, 3);

insert into Section_Master (UID, SID) values (4, 4);

insert into Section_Master (UID, SID) values (5, 5);

insert into Section_Master (UID, SID) values (6, 6);

insert into Section_Master (UID, SID) values (7, 7);

insert into Section_Master (UID, SID) values (8, 8);

insert into Section_Master (UID, SID) values (9, 9);

