insert into User (id, name, password, email, birthday, sex, remark, regDate, status, point, isSectioner) values (1, 'admin', 'A3YFD3NFDYOU44DV4RSJ40C CSJ9UHTAJ7X5JSA340766IJT9I2H6DVFFLK0WAJ6P9G3F897CB8E9NRGC3YNLQMQFDFT1S3OQF9A', 'SOWVM745VEPPKJH00AR1YLSE28NK65I90IBOKK1I9L34LL1MO7KNKTOC6PR28H7TX6EYLF9H65C2Q3Y9SWVDYL8Y9FNHT47LI453', '1109-4-15 9:52:30', 3, ' R02D94DP4LKV5KHUOYO2ALSBJ644HDEOJ4XBLPCS8UYO6R46OWGYTGE4MWVNVQS1N2P87 SWK3E94KV SWM 9OKB2RBR WTV B7', '2013-4-27 0:0:0', 19, 17, 18);

insert into User (id, name, password, email, birthday, sex, remark, regDate, status, point, isSectioner) values (2, 'alucard', '7Y5502B5QSLHM1 J08A12A CLDKQ3NRR2SRXJAN3TGP4PNFR1CQ3F8RBPQ8TMO1K2U  ST2XOFY3O45V5VX30WWEITHXK ST4HVC', 'O6XX7PSRO7V9PFQDQ9W6R87AUN1CK0L34XTTQ6XWIX4YS5AF0TSW44KHKFUYVV1FROC36RHPR0MN6OWQ84M6MGXKQMFA20U4Q4KS', '1-1-1 0:0:0', 17, 'WIAY344CCX61TP8VKIOSL5G9AGXRS3K PEYI 5IJ4YQDK6W8ILVB FV8FJX3K7UKRQEE COK 075EYN11B U35TSU7R8Y6BDMAK ', '2013-2-23 0:0:0', 7, 19, 2);

insert into User (id, name, password, email, birthday, sex, remark, regDate, status, point, isSectioner) values (3, 'ejufang', 'X74EDUBOYBPHSS2VTSAD TYLKWEM3FQJMTW9U0 MEWA89FFO33E038AWPGV6SMXMVSAAYL6BACRTREIENWC3MWFEFKWNU9 861PC', 'QX71A01R0 04ARV HUPME677PYMPMR9VLG44E8NOA8BWG5KCT7H63SBOAK3BFWTHUDDVVSEUYXKXFHFDNOYERYIL6 3JKKANF 7M', '1446-8-10 13:53:58', 11, 'BDYNGWCCMEQRVSS8MLQ1R6I79GT75M2M43ULD8K H4LG3YRE4C6GQXW MSBDN08QDRYQ2FY521PQ9J0918V7QSDO49YQVLXR0U4W', '2013-3-10 0:0:0', 10, 10, 4);

insert into User (id, name, password, email, birthday, sex, remark, regDate, status, point, isSectioner) values (4, 'dick', '6L828NHKK UB5DB0M8Y EI34PHM8YPMGAW9J5YNG6HK8ICSD JRN6UD5BSQUX1NIOXKTSBS0X9STGYEJFAEL0DSJNM4WNJPPNWR7', 'RKUQTTRKBOU5WRYVPY71NKOJSNDI9W3BM88VMY SNHVTF6KSNUHYW11 CRF840NCD8IR1OIY9F6K YYVRG3E0CI4TBI PGMQDT70', '1257-3-7 11:36:43', 9, '6N6UEBVO81ARSEOU6SXDQ51MW9T6U39HUUO8FFWXEP0XM7MJVSA6C2Y AN3INLIEKQGF 2UOFM9QQEX 0FU8PXE8Y8O91M538V8L', '2013-5-25 0:0:0', 6, 15, 19);

insert into User (id, name, password, email, birthday, sex, remark, regDate, status, point, isSectioner) values (5, 'admin', 'OHULYXVBG VG7S2AM944C96GBXW2I9PGQ0ILFE8IE1N6LN7U4FUT0BG2JP LETDV87 FBWKQJKTQOTDS M1J1LQT96BDDKWBW6AI', 'JLR4JS4K6EFDJFDI0RMM8H9 LPXXDYK6NKBR6PP2L2J Y5FCRS0U281IBHN0HHFXPSXXAYMCOVV3DSX339IJ2DTSAS0IBXCWYQH6', '1589-9-24 14:37:14', 6, 'TBVNIMR98WXD83MRKU1D9851KUKK6KCXJGB05BXL3Y4GI 9XI9VVXOPEP3DA4USPR2PLB4SU845IB3311YWS4B8 RKAB6M84V0NN', '2013-5-5 0:0:0', 5, 13, 5);

insert into User (id, name, password, email, birthday, sex, remark, regDate, status, point, isSectioner) values (6, 'alucard', 'JXOUMP17IF995AHAV8UAVE HFUK5UTXB 8H7OERP YRVYRL0RMTP77O2G8TAMS8DBU3QAE CX5VU41GQXHUOH8S98NA65K1783TW', 'G94OSY9GJC8WR911JD95UWDJTPHSL30MK 9D8POHNJC0C6S93KNY5EBPCWOCOWPW0DMT6U918W MDM0KS3 KE5I7OFHA8F 5IEHD', '1008-8-12 9:12:35', 4, 'C714H7UCG45BKWENDR8G1Q78WJ JBG 11K1NJA7B6O23FDQLPDXJPA757 28BTN4IWSM1RA8404QT G8F94WU9FNH61L3SSSEQ0A', '2013-1-10 0:0:0', 12, 8, 7);

insert into User (id, name, password, email, birthday, sex, remark, regDate, status, point, isSectioner) values (7, 'ejufang', 'A9EA40TUS0TIEQAG9WB8G8PSRCYE8L2O28DS7UV4IA0F8ONSMEX7QF0M845IS9EKAEW0Q9LF785LBSLXXO GKY8OOQK8A8KL3NNA', 'OE8KBQE0BL5W3RUDM9TO110E3BB39UTHRM2 95NIIASQUAHUQ59DY52J3DE S88LB1CTU BF66P0C3WEMI 1G24IXQ2I4XY56JS2', '1205-9-6 10:31:53', 13, 'IAGKC9BLWJ9PDCCCF AYG49 OEOFMF WDR37B972P60POCRND APBKMT4WP1L0PR GTLVQ4L6COHYP4LF547K2QLAUI34FS7MTDS', '2013-1-1 0:0:0', 11, 7, 10);

insert into User (id, name, password, email, birthday, sex, remark, regDate, status, point, isSectioner) values (8, 'dick', '54L383V6GXWO2IG8CUNKPQO5Y GC1MYUUJPWDRLCD5KE9E0VFDMC7HO1 84X2QR22 V9T1AAPVQX4PXO13POM3EJF0R I7Q91581', 'BXQ4I2SB9DLK1CBYYTB87UA1K1WQ 6BA8DU0J04ON6VUMVQX97EKGE7BYENTFE KMK8IACWP19LUYNWBKVUI2D5RHRF1 V0HXH63', '880-10-29 8:31:51', 14, 'A2YM5PHQ7PY2CLL59 VQ 2TLD8LMENO99IAPF9PTUEDYPROUPEXSXOI4 Y DE0S2U1EAM8UHMM441DJ4Q7H9P3OPYQNWM9XTJH50', '2013-3-30 0:0:0', 16, 2, 16);

insert into User (id, name, password, email, birthday, sex, remark, regDate, status, point, isSectioner) values (9, 'admin', '2FN9 PNPRI62AWKOPIEHBLRN403US11N68 IMLRNKODE8V32MFRLIKMM1WV8CWP1IKAE0SP6GWS5TFA2 BCQSS 6WGMVLAWQU966', 'KPJGA7B4JIK H7Q1E1J8QK3Y3KR6XXM760JNPB9APIPC2BS3OY 4P0783PQDWE3FUFKG1SA0S2FCR7FR1XAFU5 J9TO8GBV93FJJ', '613-2-13 5:48:8', 2, 'C7J3TXOKRCHBJ2RSW I PMTOV0HN9C3F2YJI0Q4770YCOHMYXBE42CE5 6 591G55LV69863LWLL6NNC2BUQ9IYWMW3KBN4VVIK0', '2013-4-13 0:0:0', 4, 0, 1);

insert into Section (id, name, profile, statement, topicCount, clickCount) values (1, 'Game', '4A8F0DRRWJRAL9L3PKWLGBV3N0362Y3IG12AEYGCR64PJ7KAMUFJ3VJW1ILOWKVDUIDXWXVYHEBL OTT03RV3NIS7DTPA6UMSBIIA8GRT317K1N07N628LAI8NTAFJVLDHMUBPS24JPDYHNC08OCBJMYPTG3GB8V7HNEU6VC8CMLV5PGT12F75N5RRCIL2G6E59CQBU7', ' 6A4Y9VVPHJQ5FXWR0PMM11AA 5E31NGIFHA8VM0OL8QHKCQW1RS7PBDH6B0SVSOWN52WPAGE8SW3NLXCCGL7AO W6JP1DRWNKBF7BGOOCLA3K82DCRDU9T7K5ODIVQWTAV2F70ET9VKN531RVF4E2RA1N9JUN6IYEH9UO3CMRJ3W49RV60G60SKGMNDQWTT7SK0R24J', 3, 4);

insert into Section (id, name, profile, statement, topicCount, clickCount) values (2, 'Music', 'KNS312Y3JK TQ4NB1QXH5BABNQ EVO8F1W0N86U7KSRMUYBRREDODFUD5V225STX4 WR8A3WV3LMH3J1LWPFLOHHLOLFJ0NTR7SKX7PG 7F7KXHSUPNO5CU AMC80O1BH9VV4JY7VCYI4ONU9PR2FGTC JYWL0MUC813RWFS52O86JT669CVT2N90QTHB3AYYO0EQPXW', 'H0DW232DKXTPIBGMEH0RWPN05TAYKJU28LWNDM8694XUT4M51 85401G 8ODN578DHFO44MMU98HGHG 2A0Q6PHPE8I7EXHFS21YMYI9T6DUVBA5P1TBVNVDLCA1AQ9A05L56CEV56TWJIWTO6YC2HCBEKD5SEDI1WQI5H0CEWS8YS7AB4FYMUCJ19WGFNW1FYX0YEHR', 6, 3);

insert into Section (id, name, profile, statement, topicCount, clickCount) values (3, 'Movie', 'VDXTSJ XF0J0T3SH9X4Q9Y8DDHBH1CLENNP91OHED473UE1Y26S0JJWY9 7TM4UCNOWB2VY0Y41DFNEUC0LDAO1PTWRGJ8CXJP4C0U7EKXFQ3J7DLB1HN4OUPDR4TP2GJCTB1CGA8WORFK3 QGFPVI3O7YW8JM9HEK4 FY5MERQN18Y9B3U25EWP1LJTUUHMDU0MD6 H', 'LG93NTI1EP3XH8J6C7QIQ2AW8BD9023DBB1C57BQA5IPJ3XIPMJJA76B3D2ISDIHPDPK3DG5V04DTRR0Y3SFPGJN50SPR3LODXKY3R18IE1OAFL9KMQQM7LG2F3EFYLNKPRDSLF36O8009A2FMDLPNWD18BUEHX8XS8CU5A CQFG2BWC2WIWN 99TIKW87DERRM20GLB', 0, 14);

insert into Section (id, name, profile, statement, topicCount, clickCount) values (4, 'Other', '5PFAIWXXCE47S9YMIMVKU6JPB0A96G 218C7JSHVFWYG0GE6HUVVRDHQH9GJ42FR4CSKT4D6MIQR78OCAE9PR0QSTAURK9V51FX91XK0MMOSPTH9TULS3OW6O4IUW57V 7PP08EQJ RSW9T7I74E2RYB17EGITJTMXR5GWFW3PRR7JXLBU0IXN4UAF3UT6A 54LC9QJ5', ' S6QIIU6GOQ668Q4OPS5IJXDSGGC1JJOOIP6HRSS5LEJ2CP3ENLRXTXECAXOOCMSGX4V6SPJ8ONT37TIAMJM47Y 9Y48RNOJWKAGR9S2AEFI4L0S9AS8TVXRXLUS48QY58TBGSK FKER 6HKOQEQRTXI7SNTNO68W85EIUU7DF3AKKPNGF60P0G5JGYF7JLRA9HE8TPQ', 1, 16);

insert into Section (id, name, profile, statement, topicCount, clickCount) values (5, 'Game', 'IF892ME1QK3T1KVHH13YA35KDTIR7GTCJ2HJ 839QJ0LQO055QLCGA3UIFHJ8NRFI0OJG525XE7RG0LWALMATHDBFQEG7U0L62NT1YQSC5WYMLYYJ2XNY8KMF TX2GK3YE4LB6SEL73FO9PP 33 F FJFR52UTOEPNIRU86BVFJ43TSOA GJW430T4JMH5Y5TR3UBH52', '0JIG6D03J45J4S KLFI2TC7F1LCPSOCMIIP67PKOA6TUN1RVBVX6DM8R8NCK9E1DSQJX9CU7YEJVU4PQNK4LEJ1E8SI93EQJ79 3H8AK62J ND56TAW 109VWLJ1TEJ7ONQQ05NQ4XVB3YTDF9XQFSQQP VSY0RPOSBI X WH4FL9YOOQ2MUQMORNAP32T E602TN4JF', 16, 18);

insert into Section (id, name, profile, statement, topicCount, clickCount) values (6, 'Music', 'S TLFXDKNE65  Y6IHY02M5297U1D68DKJ8267W7RH4BDPN90O49MAE4JQL6QF81 5YG055LVQ09TF5PB K3A13CMNXT4A7298VAG56XR4BS05N1Y1JW5TX02I72ARKM7OMR8J8HQXAESSO1 V5PEBTIYDJR1PX 5RQRYJYQLWX9W50L 097880DUPWE7V7NY3FRD86B', 'I5R66DYMHS4072GU5935S95WO01M6DYT 1C4046TXTGK3MV3B1TVPPDY7X3LW22O62A4V074VYBHMRWQP7GQIF4FDBV21M0UX1LK R3GPHBF6RT4DQBXVK5D83T0 B8AL40GH07 71PP1U7TYYLCJ7H GM412AG32W2GO98 VOM9L5XIMO7F8DDO6NSHNNNKSB2VSY2W', 10, 12);

insert into Section (id, name, profile, statement, topicCount, clickCount) values (7, 'Movie', 'R7349 RP49GPV60AXBY2MYN60SPY7P303EDINW7K0Y78JLN6TH7L6JQF8BE68U5R2F4H2F1KVQOGJV 0RVYFU3793K3W9J0NLMIUD258FPVN8CC GJ6MI26TKT593IQY7SI0K4P5WDJSW6EE6YSY6PXA6TQ1MGK2W4S2NU883N8JYI2SO0CUV934YLSPRV2K85WRNGHE', 'JUWQ9R4223SDSWFW4CK86E35PS3P6H BRE8DGJ5HHRVY MHDI90X4ECEA30M31F0GL24OFRXNOQOP8PX3EGSXI82JFGV S7U65LJE4WQUADNRCII630R3EV22FWF6TEX05UV4AUDVCMM5HKBK5LE8OOGV2KV53AFH1L1GJ4H3432R1XLMSUXVXBFNSEJBGKSRPEL AJV', 9, 7);

insert into Section (id, name, profile, statement, topicCount, clickCount) values (8, 'Other', 'BS84TCKRBY9DLULVIQ0EEA35BW3HMYGTEKPHWMC3YJP9HHK7X4VTI1RPRRGAMDHRR2I9Q47TXTMUM2I1V2PF2FH9PITWUK7N9UANRM5Y7AR74I4DHCIA4MY0UDTNDCG5CTJLJRJU6WO16HHEH164QR4BD VKFDE 0CGNM2 WVXLO NUG4QACXS8O2C5C89I3R42 N CN', 'D663KDSU8K88LIRCGE798Q3IHIMQA 8F3L1EMPQMSH0U3T7S15JOCL39T4EB2WJB8SMEW5KR9 5Y018DJNQ 8M0XHOLU 75S9KN6HTF54VIF1DM R X3IBLHQNYJR00858NFIMOVDDNRYUGLWK JR4V4B0W85BC8GEWK3E 5K4X3GF3DT9NJMA54K2PEX2OJ84HKC CE', 4, 8);

insert into Section (id, name, profile, statement, topicCount, clickCount) values (9, 'Game', 'S5O5SLT15D9 VNUQ5UNC0JIIKD5J8WUVYMP2TQASVAARO5QAGE4H2MEH2LAS13VGYYETDHCJ39B K 1CC52HOSGFBSTYQO7GU14BT3H87G3QPT30NTTL7B9TYBWV1ST2C847HQDY3F5MC4KLRFHS1AOE5YG1RE2NJADTQI0267S0REEHNFYPJSS1JV5LMDHP6DN11FOW', 'S4HAD 7LSCBWS31YBLF6V2Q 2W95J X6LV9SIAPRPG97YNF9XOVDV1NO3KUMU B655XQR1TGYPJLWYFTAWLGSMRR FO1II98490X S0GGJXVCYILU81JICOMW6X0VXUEPURS412QOV0J3JDMK1BEYNBRLUMV7JFTMY9F371CK 5R1E18X2DG4XWUA0HKVINV449LWK9J', 18, 11);

insert into Topic (id, sectionId, userId, replyCount, face, title, content, postTime, lastUpdateTime, clickCount, status, lastReplayTime) values (1, 3, 3, 5, 'LG30G2U GTSPVTOM59SMENFO MV4OEPPFNWMNEH98 MSDO4V6QY30YJGCT5226KF4R3BLSACS8  LGOEM6OXIIAAVLOJ 3WU4VU2', 'I have a question?', 'CRRE5L3Q9T7HMVOE6TVNW8RY9LRRBPO2SBRJDCG81PLTMN83SUHI7WIW7UE33WU2URUUKGI3PJGJ1D82E9YUN861I85J9NXO4LYVF8R09HP5K5V7P2HG8CTJU O9HA2PGDIJEJQL1SRLRM97SGRGUXGK5D8X5VHS1VH7PY0GNUN6X6NQYR E1E72PYIJH3CKC0DKDO70 ATL4T8BQG 7AT5X1DSIG8WJ1V7U6MWM7UD076AG1708QUG1YGWOSCG', '1724-4-9 19:0:13', '513-1-6 6:10:5', 3, 0, '1057-7-29 13:3:19');

insert into Topic (id, sectionId, userId, replyCount, face, title, content, postTime, lastUpdateTime, clickCount, status, lastReplayTime) values (2, 2, 7, 16, 'HTN7GSGQB0WS069DIQLLJ7SQ3DCH35OACQ2QV05Y3XEH8JL1CRFPM4F8UWGS 0TUXH OYGQXBEQWB83Y8BSVNYY2H8W21 VXSM R', 'Thank you!', '46OKJPASJSDUYUL4I0UWADVA1K57A00BN0SJNAVK FXCCG11R2A1IWWVL8LI HKTC5SQJ37X 6RHJ85ECXOAGVMF8L28T9 CBFCB 0SOJB6HB67LEKA34MB8EL0C99V9LYB06RSKKGQ0S252VAKDW6 LEG0944H166P OT FUD29KFL7PM2OLGAUJPU0Q9R5WRP0IFV31A11MLSKNEKYD4HCX2E3RX92HPME3NLGTLNMBPNMHRYSVKKHNNRK94A', '1864-9-10 19:45:37', '974-4-20 12:39:48', 7, 15, '1194-12-24 13:43:29');

insert into Topic (id, sectionId, userId, replyCount, face, title, content, postTime, lastUpdateTime, clickCount, status, lastReplayTime) values (3, 6, 5, 4, 'USEE2AMBOBPK3SP7HGCM1IBLTP279EKJ1WTGA4PWY2VPN9AR6L2R9NFH115PHOCJBQAMM3QT4XMMGGLH6E5NS4 TV DVD1W6NIJU', 'Hello!', 'BM8XW7BVEO  UFMPWS2A9204OOS41PMOGWYAX1 7X1GE0519021S FGEFV3VL1004RLGBA3MY89B23F4JSLS2QPC71HJWKMHWLCDGWSXIGYDDA V591V88AJIU4U5XK FPI6CD0HNWCBX3QOHQTNNKJ6WWIL1BS0FAT4FIIDEMK25CIE9DS12RL7 OCTT6YQLF5MOLSBVI0Q39VJ680 QAC3CLQN9IJ0O5S8N74O8HCIBH7928UMG H3N XFOKS', '224-12-10 2:4:0', '1280-1-20 16:39:55', 10, 2, '646-9-1 8:7:11');

insert into Topic (id, sectionId, userId, replyCount, face, title, content, postTime, lastUpdateTime, clickCount, status, lastReplayTime) values (4, 6, 5, 8, 'M1F0EFHYRQR9443X 2PJNOKKKOXQDHVEGFKE9CHSN3 U 5 NXDFJ0F02KF2F35637E VJI9J0AEW 2G9MFXKXQK0LT0FO5R1OSI2', 'Hahaha!', 'CGD7PEHMHL9HUT1LENA BL4G2K1JMW6SUQV7WJU3F6KQ89D1FR5BHYDJISWGTAEACDGUV777U6XJERC7FBI1R TQL3LSVQUW98OHT0SDQWVQ7 6K95XPWKWU5811NPG1R74R36ASRLRDO5KFB6X0V6JHO 4VA5KTL87L8ETF8KWU XKTPEW2RS1098KB1J 76AB5UYV247IRGMMK7Q56SX2KRS1MAXVWMDOXTMC80VO2L0OA79V CMQ4LK3EMUS', '1287-10-14 15:11:57', '783-7-6 10:0:25', 14, 1, '571-8-13 6:34:37');

insert into Topic (id, sectionId, userId, replyCount, face, title, content, postTime, lastUpdateTime, clickCount, status, lastReplayTime) values (5, 3, 7, 1, 'A0X5FLA0MJLLQF4BJ5OIO0KQ99KRH10OU05TC2UOPG3XQ4UCEI80NTF9BF09Y8D8VV3AYBF9CT5VX 178PPE3SGWJP1WB7K694HN', 'I have a question?', 'GNIHN2PJ98YEX0FXESY6D0HKCVI7GRER3NQRER178PXNVIP51NX5IILHQCLQWL76XO6JH71E2098N39E67BNVOMTLHQ 63ETRGYOITKPEEGVASY6KI7J7KP9YA14YJOW9C7YC731PR184YAEQ7SKICL OKH98781TD3355KQ7PKUSY7EXN9D3DHJEN7D6MT9M7VNCJIJWEO55D8VAVUJK35TGMAEEFQ N6S6QHXLLQ JD E MJTHS8W935W5PHQ', '1234-6-10 14:20:59', '1046-3-22 13:23:44', 8, 5, '1631-7-21 18:30:29');

insert into Topic (id, sectionId, userId, replyCount, face, title, content, postTime, lastUpdateTime, clickCount, status, lastReplayTime) values (6, 4, 2, 3, '8OA2USHJC3N84V10C FEYE6EGCJT6FLCY4TBWQDET8OSF7SHL89DSWF 4QBH5L7CN9D4D3KB R40P40 R UENRD8S5VAXLLWMCCG', 'Thank you!', '1OA3386EIU958XNA8MYHLVIKJ9M7B5P7N774O701614UGJF KO355A IWO1FJ49 HJ6766JF197T98I5C1L6BPOLVW3SC9EILT6PQ0GRTH SM9AXCNPY76YAG82J6JMNFWV1DULQQDLLG980OAGWSX6I1R 1E5GXVFHN130JCFW1J22MYICGYI RDCGK7MOA5VY LFTXOWBYLTLK3NP4IR32PMSITP6AYFUJTUD64T 77XT2JTFE7UEXN2X99G2', '867-1-15 10:13:33', '684-10-19 8:22:53', 1, 17, '330-3-19 4:15:4');

insert into Topic (id, sectionId, userId, replyCount, face, title, content, postTime, lastUpdateTime, clickCount, status, lastReplayTime) values (7, 8, 1, 19, 'XCWRUJ8 X5W8SNEXP36BQ1 TBYFVBW0VTRCTTM30OASN7FEDDE1TD81C6Y5MAMKFT8FOFTDFL3 6DYGHDSLMAD8QV8H7V2GFW3CX', 'Hello!', 'YE4GVBL55G0ORW3V01W2UM3YH6VH9I8JXXPMIP7R4Y3UI3C1PSLU0A80BQ1QYFO 9HSX1GJ017GLF5VS2DCNIN7XK4BKTTNWNBPK4YNV989MK9ARGTD10186XLALEDD096JFDGXFQIGEXKEOWJP65OVIKRB18OB5T590I71XXTRXK5AHSC6YMQWQ9PHSW77CJRJI79YSUFOYMXD97GBT68FU9UOD1E3P7YTQ9NVM1 JU6SB8NHI L6T C1M09KA', '1597-9-18 17:52:3', '1218-7-12 15:59:56', 17, 11, '114-11-27 0:53:0');

insert into Topic (id, sectionId, userId, replyCount, face, title, content, postTime, lastUpdateTime, clickCount, status, lastReplayTime) values (8, 6, 1, 14, '458VUDF5GT5TAOR0QSRLQ5M7NLTWBUUL1CV V MCH83T1N3QTITIC6CJ19PPL5826PL9F1MV81WURFNWD6PYJ YL9SAPKT98A7N4', 'Hahaha!', 'K51E7FAB3JKDMFH3S8HW8NFOGVKSJAWDF6RA1H015 N2 KPWIHWE15Q RO3DIRJ7VN9A2CI5SG299S 93MKRK SXH5OF2HJ PI31QTG07M4CHDU D8REL060E9SR17T4V58V5TD7SOHI9MO4DL4NJ6E GEC WQ7BHK0Y4AON1D8SXTR3ADPJJEUXRMNFSVGLQ78907RLLWWWGBBGGU1VBOT5IDC9JI99341HYKVGB3DDGIF7BSXAB2IA4QLFJJ5', '1950-7-25 21:0:42', '201-3-30 1:55:36', 2, 8, '277-7-23 2:53:3');

insert into Topic (id, sectionId, userId, replyCount, face, title, content, postTime, lastUpdateTime, clickCount, status, lastReplayTime) values (9, 2, 1, 2, 'IQ ABT95XXY234P9HE937JRKBUBBWICVEISM1PTXA755DB4PNBO8PHA 7C8YBX1ROUP6LKC9TFUIFECHOX1L7B6FWKE6OF2W5HTR', 'I have a question?', 'T3W15PE5168YK7S5HKKP6KJ385BVMYWL5GK7ILQPC96DKNMDTY 2QT7J6C64CJJ D2RYNQPHPXAPADHXYHG2VG6TKIYNVOFLVYO2FTEEQLIJCNVKY8V9DIKQ4QW7AGLMCBXQG7 7AU9S8CBW4HPIPNL1W6MWEN44SIRM4WNMJGHR51DI2NX68AEE75FATL24F XOOML8YDP95YNUPC1  C8CL61C DKJSGOE1O3K8M D YT86930TKECYWRE2OQ', '1380-7-19 15:52:32', '342-12-14 4:14:51', 16, 3, '1523-7-1 17:12:31');

insert into Reply (id, userId, sectionId, topicId, content, time) values (1, 7, 1, 1, 'O30PX3XR8C 4E8FXDKPKN2D1QGN5A2HX2B6C6I2UA42ERSKJJCEXUEIUE99EAVCT50W8WVJRD9QAJ7NGECKC5FUI172V3 2VH 6MJ1SC7XNT  JD2E UVCUVH34QDN19T2I8BNCCRF5C584X HYR441NVR LKVM07D 47WQH981QURAKVR9WT9YGKBOHV8A3 46R1PI990N6P YROIAHL26SAXUSA0FFTO73CN96MIV92 5UO7X2YCB3Y0NDL4L', '2013-3-18 0:0:0');

insert into Reply (id, userId, sectionId, topicId, content, time) values (2, 6, 4, 8, 'QKLPDHVMNDP425IV0FFKN3P PU1QGC4ARGJVBLB8WYPA U 4GR 5O2AWVGRBMWA22YDG2KFS7 RWWYG 6RS6YNYPQLY5 CGI5R2M43G LGAX0XOK5UVNPF76CDMG M77FYT7EN6L4KUW03Y08OJ3JS82P4Y2FDQU7UXH8I4EOT7XXHDF775LIUT5MI8AM3W2P VBEOF6307J80L2QN9R2IG9WGW07 6L2A91  VS37WWT9Y4CJKQ1J9976MMA5T', '2013-4-29 0:0:0');

insert into Reply (id, userId, sectionId, topicId, content, time) values (3, 3, 8, 5, '6AWWKL0Y3BRHNXOGULNY5OD225640BBKKC9PC46R0AAC AGSJU3E7NA9J76DO74YK12SC0L2HGQYMYK7JE84N1D OSBGK7X316CE0Y7BG7A UGSQ4GNFRBFYF6UL72VTTDDYE6RKXQE9DNNXR4CS9B2MTLF6NVWJT7O 29RLY9VSKVG4SFGVJEO1W6XTI5QDY45936HRKTON9UC8O9HHF6GXRWK7USU36IWM4B 4VE76UO7VXH7KATBNGRS6B4I', '2013-1-8 0:0:0');

insert into Reply (id, userId, sectionId, topicId, content, time) values (4, 4, 3, 5, '4HOA49H4FYW T7VN80TO82R2A6JCS3WTIWS2Y7WI013Y5RF7AHW6Q7Y5I2078W8L1HX6F75KW8O9YJM1KVADINQXNCSQTXOG1B3V3XAIRT9C4 869UF45YSFQ8HI206SMI8NKQQ9X CYR6FGA OLD48KF HDLD3SF64DPDALE2C13NPD5YB92QNY2V8H8W7FUKH3F682UCKYHI3C2GIUBWY0KAY9YXNFVTY7X26 J598HDXHT7BCA9IYMJUFUC0', '2013-3-31 0:0:0');

insert into Reply (id, userId, sectionId, topicId, content, time) values (5, 6, 8, 6, 'D661DFD6EGVJQSE0PYYQ3D 1SH0 Y7LAH4 8IE3P96WHK9AIPMIOM2QQ935D5GMUXNGTVFNN60O 6W90 MPXU2S5X2DWK7WHJFY2W917LWOX9V1IRFC6U6U84O7D 6GEYPV5FTS4RDD2SIXF45B13D9FXS4ILAU7NIL3I6 GNPC1 9RKVLJ09USGA0OXQK4WSDIXGI6O3T3GFTU4M5YKBVUJUKG449XXFM4HW9HPL78RXX3RRYK0KW992A2KOPD', '2013-1-27 0:0:0');

insert into Reply (id, userId, sectionId, topicId, content, time) values (6, 5, 1, 8, '3A4WJRWKTJ4EDKJVGFRCJJJIN7S5LOG6MYHDS86MR1E8JQS5OLXBC2KH287CEN7H5RW2USVBL0LFH4WD80JLG9WOE0ED7DQ3RTBL651YV4VOANBLE5B8THM3T2V  X37U19K8CT9JW1Q JKAUBNDBFYB STWRPEOB3WM9PJKVKMEHAFJKKJ7O1CCWB1XDC TDH5GKTNON4RHLQSX3TOVLK9U0L XLSAGQEGQ7KR00G9S1WNM8MENNIHX6ATQ37X', '2013-5-21 0:0:0');

insert into Reply (id, userId, sectionId, topicId, content, time) values (7, 4, 2, 6, '0GX1883PGI3K8H588CGQRCOT8OWB7I4PF1TPPLUEE3GSOE4V 1IAH04B04QWBAAJ4BOY 4JXU5OQ3BP3KFQF6085YMSPYUSJ4NWWUK5K9EQSFI4K91X35IMMBMXH6GYWWOMD7L0PP2A2OAU4TQLWTM89W1RMXDD1IJSRYRMWPOWAWTMPLU34JE9N03O8APYKKR38 IVWDAUV34HID2IQTP7NJIU BGV4481JA9UKA96UF8SRLJQ92ES6UF7A4JM', '2013-2-6 0:0:0');

insert into Reply (id, userId, sectionId, topicId, content, time) values (8, 6, 1, 3, 'MW9V3UA YMEQXY03X4SF1U83DUAJ6UUW2 MP NR 72W5HV7AMFQ2WOTFH 0CDO3RN5GDWSSRPUEUKBLKMFQTF3PEX8YW6SXHPL9GACCLXNW SKPBTPIRUQDXB3TBMFWNQ30D5FD1KSTLKU3C979N0755CNPGDUH6DY1B76NVF20CTF5K8KH2H7AJXF7YQB15G058TRX6GTPU7L6C3T7DFD0U4K78O8T1WLHW DTDSXKE2QG7DNQPPGD04O2HVV1', '2013-2-16 0:0:0');

insert into Reply (id, userId, sectionId, topicId, content, time) values (9, 1, 7, 1, 'CM861UPMWPRDOBKI988J7K2ED7MTTLXM99MDJDOETQGW87EFFCQV2SRO1KMFVQ472G UTXSEIBKI3BBVCXLUPK41T56GGX 9YN4A BRJCRM23ED2O86LXRP8WLSNKIS610YBHJW7EY38BA3MV9X7SGKAC3 NGYDS3AEG P17KGLN74JJ4L8NMW9QVLC1PV1BQXD3H6IQJHMUF1D9GIKS2FXF3LFB23QCC1VL9C8DSXU7XGPKLWEE0L8PCBUUOJT', '2013-5-15 0:0:0');

insert into Section_Master (id, sectionId) values (1, 1);

insert into Section_Master (id, sectionId) values (2, 2);

insert into Section_Master (id, sectionId) values (3, 3);

insert into Section_Master (id, sectionId) values (4, 4);

insert into Section_Master (id, sectionId) values (5, 5);

insert into Section_Master (id, sectionId) values (6, 6);

insert into Section_Master (id, sectionId) values (7, 7);

insert into Section_Master (id, sectionId) values (8, 8);

insert into Section_Master (id, sectionId) values (9, 9);

