insert into Authority (role) values ('ROLE_ROOT');

insert into Authority (role) values ('ROLE_SUPER');

insert into Authority (role) values ('ROLE_USER');

insert into Authority (role) values ('ROLE_ADMIN');

insert into Authority (role) values ('ROLE_MANAGER');

insert into User (id, name, password, email, birthday, sex, avatar, remark, regDate, status, point, isSectioner) values (1, 'ejufang', '81dc9bdb52d04dc20036dbd8313ed055', 'B 2KB9RUB13OBNUEPI9L4MBWSW1N5W72NE3BRG8AR8YVYJ1JS9O739ELBJFO0SF5Y8LET54DGEO6BV 9T5G02WNDTNCE1DPGCKL1', '1985-5-31 0:0:0', 17, '7PVS6RTLO8SVS1XJMNYVCQ88N135T417NCTBYHFNG4JQOHS69YDQRF7999AEK288M48RVWK369J VEXQP1CXCE6 YY5DSMC0 MLXUJ2OLJ8LUQRBWIHR9BA1 IS2NIM OCPRC7IYIUBNHVFOSRQS9ALQO7JPWS4ANOKBB9A1RXTDCKV9A6AMJST2E81LTXNMWXLVBEIP8E07G0U5G0L5YQHNIR876RUFEBCSDO5FRVGPBSS2AFFBRFXQFQB7AN3', 'YPGNQ1YFQCT6T42BGBLX3NT 0ABKM3OCF88PDLQOIDN2EPH21K8DPOTLPPJNMK40J9PFWND7 V7DBTP4SAQL2BKH526MM8JX TWX', '1850-3-12 3:10:31', 13, 16, 17);

insert into User (id, name, password, email, birthday, sex, avatar, remark, regDate, status, point, isSectioner) values (2, 'dick', 'f3bfe3b4590c56eb5c513f8e8b16ae5b', '02RJ7D1DB6DON KMK4GAC7 EPND8EVW4WPMGDCNYWU73LXM96HIJJPDYEI3V62182KJVTYXX28P LM4TIFSJIW90OOQUEFDJ52NQ', '1980-1-1 0:0:0', 8, 'S8YPN3NWBCS L2V1GTHU9TLAAK4RD08JEHVW6J894WKQQAONB7649JCEVGRCPPM7N7 D7EQH9EF366 GEIDWSR8 RJC49CBRKK4UTTWOTXKS4D 32WV1F 5FVFJDBC8RVQ2D4IUNJG4QV3C BLCPY5G0QMVRCOPIXXF8IQ51S527 21ATRFC9RWQKQT5VUF2OCS1H7Q7M2AQ2MI0XOLOGVND9FQPNWJBU9LMN9YDQDN4YJKVNMAQQ08HCBVWKFK', '9MY155T7E9OP68004V7AMW0FX9LG0EM GSRHJXOCHNR88LSPWNAVV2JPYT83FVJYIEGW7AO9HJGAIYLFFSI79X4Q4WNFJI YGJWV', '1462-4-2 2:18:49', 8, 3, 19);

insert into User (id, name, password, email, birthday, sex, avatar, remark, regDate, status, point, isSectioner) values (3, 'admin', '95b317f7ce7d377bda777f4b76d132a5', 'Y804SKGX00AS68IS 1841VHW7O2XSGA7PLVW3 9PTK5FV67X4RLI1PTUCWYXNY6HLW7B3J89I2HJAFNVN4G28NHP0OTQHN6 KDK3', '1982-1-23 0:0:0', 14, 'WP 75TPKII8THM4HGLWUSIBMH 5FGPHH79TW2 XRBXVG66AW04UFEAC7G1LGE8RLH55V19S4DOI2VYEVO4T8FSCQC0GY JEOPMC73XQLY3G3GCETC8990WXFT1HTU33WNNTVHDPK54YW8YRMNRKHKKCVEXHTTM2TUT1SS87VUGEQMJHL0L8QR D0B6CO1Y2ENEGRT89OOC3QG02CPCRSLH9BMWY0W1F15AMHPADL3RHYRGK O7MABITJ4U6C61X', 'OQJ2CGMK49OLQDXFK5UGUEAB716PC8A247SJ PD NY57XCUS7VMGL6YOUJ2KBE3F40O2FM5IATT05NWS3M3YWYONBIDKIX2WXW9Q', '582-8-3 0:51:19', 16, 0, 1);

insert into User (id, name, password, email, birthday, sex, avatar, remark, regDate, status, point, isSectioner) values (4, 'adrian', '96e79218965eb72c92a549dd5a330112', 'U6SN2RVM60 KVKSCA4IM0V141JLC6O7MIQK408PW9WJ6KX7KSG7XNUXM2KW8HV7W81J2HK34DY 02I7JGT72QCIEEJVJ2FFN7PX1', '1986-10-15 0:0:0', 9, 'I932LTFNMBA EW1L0R5GTGREXGH 2S9X0N CLWWO7A81XH68BINSUUYV3 WCI05C4RU3YU1N6UH4BFE678 ASL3O3WT9XFBJVU9XYWD7PIMT9XELC4YLV2AQA4ORHTJIOXEJVMMKINVMBF06W15DCYQHLDIY5BPPBS4LUTLFKD541P86DOPCA5W 871VYBY500WVYJA3DK YTS8DOIGAPXCPUVNPQGHCG X346UCQXLRYYC26TWXJRSRHGDL8QP', 'ODLEN2CCJ0Y0NCPWAETH3VMG2I6Q6 E9S2Q 1B399667UDOUC0XL5X4I7US84TP3UORQ3KAFKP B7G2 MAXK0FYS5FGVKDK7Y47B', '265-11-6 0:24:42', 1, 18, 4);

insert into Section (id, name, profile, statement, topicCount, clickCount) values (1, 'Erlang', 'H1C3G8RWKP7GOJEE9WCOLSTWI19TYFNRDYI4WC52A3T1YULGR2PGRO7G04MSA0MOY YFTY9B1LJ5DR1OE3MW FRT1XS9G9AEC0AMPT7K911WWL33828T 6GEJ K34DF K77SIERSEK9UWDST8ATLUTVOA0VME8CJI0KLJYAYOK658 WYACV5509623VURN4827D7IKY4', 'XI0EY8PGTHY49I4DV8KBL5FS KQLM573SNQK1RGE3W1FV V6R09Q6A0YCCIAJDXGD2C2 XJF2OEDRVHXVNP2KCTOM2JYF02B7GU6AG46USI 7PPR6J C WCMVUSUR05BNXEOXS3GFHWSURWSKBC23ASL0 GQE2E32PBU68V0R8CTQ335RY5BVOWDX7T KLNBNG2ITRNN', 3, 9);

insert into Section (id, name, profile, statement, topicCount, clickCount) values (2, 'Java', 'AQ J30QO64YXS7JFHJT463G8XTUBK3EAC1261WB6MTUV3M8 4X3HWWOPR4B6942KUPWT6TDN7TFIUAKGE7CFP5TX5P9JK203OB5RUR6BFVUV70GHOJ8 OOI3JFCQS3WYONMRYHSJQ08IOBDP9CPQD43K9HDJP73EJSB8OHSJEI2J9LKT9CTSQYJNM9ACH4NKW4BYP3HP', 'NTPPBK03FPYPT08REEDG VGPJ A2Y788TC0JITXS71GDRXUO3ROJPWY QIRF661LW4G0JAVIISJYX LYMTK47IYX7GE0F18PFTFA55IKS08O0EUJGBXPCA BRHCQ2 KFVBF3DD58A2O939SC0BW9HM517OT5VXGSJU3PQQQW8M7YLE3EK5OA9M9X4989 K QQUAU5SXX', 17, 8);

insert into Section (id, name, profile, statement, topicCount, clickCount) values (3, 'C++', 'PXTJCYTKTMQR4CGPTG91QD6QBBXE2GWEQ48POCNOVEUU9A53W3I1E8166ALH7DK1K74QGF7YCBNPBJK9VGHBVV77VAWM1JT14NJT9QB806TLWOBNN2SCY3B3MRLVRFKV82MQ3HGBK579X0NQ0R65UKOALJMP47D1PIORDPP4NOT SOG1POI94P84VN 75WI1668OVAWJ', 'QKBKFE8PCGOUS8RV5T5N1GXBK3YWWUYPT4NEVN8AH4HIM7STQ6AC0UMM6N8OP0TQER0BMDV8 ARFN 1P7GJ09S6OHSFJP61FB8DOSHGNRHF66V0JW3XRM6AOE4 FE0XB9MSGUQ3OPEH YXQB RNBAMBPQJIQRXDYX8L1PNGHI23I5 Y4JE2VVI9048RH37WVUO5FPIV9', 10, 7);

insert into Section (id, name, profile, statement, topicCount, clickCount) values (4, 'Perl', 'REQLAJB3B6VSURL1DG YDAUH8NWVURFIBDAGMBGHC GAEQ0I0KX3NYYXCQG6VKE1OTXFDERUA1NYMCE1KWD8B810VIV21UK319AYK2SRFL GQ7D3PM0K19YD4D8EPJCQKL4 KCOX144 DM5918OTYX9PB SPRER19VCY81B19IX9LQL42HE7LX2QIB YGXK25I1WRO8U', 'USN09N10LAM6E2UR7LN55TRPFU35KED886LA8C230 1IB8D8HE9R3LT13X47E7LP62LKG9QKO83NERTPDMSWH2LL3C57RKVX1MGROCDJ86SYY7VG7JNM9MA0KT78LV7839552C09C58ALWSU7REMUEQ1NEIW8D60HPRO7SB JUO1CWK9G4O YAFF9EFFF13LCYMR2 NX', 2, 1);

insert into Section_Master (id, sectionId) values (1, 1);

insert into Section_Master (id, sectionId) values (2, 2);

insert into Section_Master (id, sectionId) values (3, 3);

insert into Section_Master (id, sectionId) values (4, 4);

insert into Topic (id, sectionId, userId, replyCount, face, title, content, postTime, lastUpdateTime, clickCount, status, lastReplayTime) values (1, 2, 2, 7, 'VRVSK0BF5JT4PXCK1TNTFCR3YK8WRJK9WCUP2HYN10WS8347OOCVJS48VNH732USSOJM144 K3 84T5DVD6T5FMS3G0GW ET0KQI', 'How are you?', ' CBF9JGM I2P693Y0ERU4FM2UBGX3 8G14N7RK2CQ1P781TXLVOSM00KWYXH3JV3HHE0I1UBDY9PX6PQSNI9HXC52BWIYU1K1SSD4DN9 5BVGB2SDHDBOBJ8668OUQLNO6QU3DGG3B EXE94NUX27KOVG6EPTAIKWJQ3T GNMX42BOV972MNWC1MIOLETUY5JK0QMLX4W88NKMNA57F7KMYIFRMIQ38OUPGGQSDRPAHXI2GRY31YTL05LEYVBXS2I8JY9EEW5VMSU2DUGET2ATWOVAPD9L9OM4GY8LSFRM528XJ5YJRVG2HSIWPU5JFFM80ALUITKV5O7CCW3PILNFSN7JD9HK7TE4PO6UM0UTFK67BT1UDK98Y  8SJNQOR96O0RKEIFEEPJP258RB6E5D2CTRPXC4UXJP5YC9BHB41IAHOK0 Q93HO5WNPL2W2H49YDPQ0K3ENARHODUMPSAY5PUJMPRL1FPFEGIKNO0KLY582EG7JY6KBOW6JBLXUPP ELVMV73OYFR05PNBOKJ9L6YXJC2Q5MGD 26YU 9HTN7AWU56MDF7VPSTSNV23X0M415Q873CEECNPRDPX 5ML6WKEX33FQ6IXMQB8G 8UCDVJSKG5YCXQWLHNV 5DLLEFT77LR6WD4PUXNQOWSWQUMYMQ14RNGNCRI21MKMM873OWJO8TSYRWFUMWUFJMOJ13K5O2P1EQ0JJ00YMJ80WJWWSGO0A318VKNI1CF0W4WBVC X1RAR7TXJ4QUB0EOHSFEKA8CTET107JVQC727WDX 83H1TG7RJVDYO7ILV4MG7RFB0NIPBEL8FWO6YPKGE6YMO5E6YGNSRPVB8VJR K31MLG0V25LCOKRVJV9VA3FVKR9SOYAK41XGLP351R22PEW D79L2S3P33D6XFFWTD95F88JNLJTLMS 62EOAHPLLAQGHLK XG5MLPLYFAFJQAIV IPDGUK U45HAYEYA3IGMSIFGSYVLEFXF', '1466-2-20 2:19:46', '1814-7-20 3:11:5', 2, 15, '1094-8-7 2:15:30');

insert into Topic (id, sectionId, userId, replyCount, face, title, content, postTime, lastUpdateTime, clickCount, status, lastReplayTime) values (2, 3, 3, 5, 'SB3WDXTD2DU4SK9LJQ3IHHG3A9S4HNTDKM9GMEW1LBQ 1SB9VHIQD14H91K0FAVAF 58RAB76IK2LCQU8O0BGAX2RUMCLPMAGJID', 'Thank you!', '2XL5H6J9U7N9YY39HYV30Q6CK33LS4HKMOV TE0M3B1DWHWP7 RMR6L9GN29AJ34G9FJ9BFFUNGM1IX2AUMTF36VM6E2JUF7BT3I4ATKJ583HV 94IOE6 MCR0CM5HDKA9GKJ0GI2IHSBO RIUS08PRFW9RGM8WFV9MEOFS9MAWUHC MQDFGMALFHU77D55L1CHRIQCDVSUEUH9DCHSFB4A3DFVJPHHC2PHHYGWVW0DL5471GAOQ6V3STHM3UVCJRETBTEBE5W6M2FC9FRK8YGJCI8 LW6CJ7984VLM1H0KQ7YD66LLRC276IR3SXKB7 V8RPF1H6TK51H6FX9J7X7W7ATTFUG511LX6VHWVXHT5X3R8C0VH8MIVQ1MCHKYXRL29TQQ U0M385BBHYNJMF565RMCMW0FWU3 WD61E5 B395WTVMDEX2M85NAXQPJM14CDT3UHGH6MERU9E9 SPN94453XNLSIOTEEVFOF8F3WRSE2WLFXPHO9F7P4HEBL1N72JCEYLQJSS1HXLCSS38 MIL0UC0P77MTB63D5F0X49GFYEX4CBSTHPR2ENH461HD2D6JLEHTN865M3CME57CM0QV02Y8Q5K1205B5Y3Q01F5V5AGQKMA5BAHPLS9GXW028SN8CD8RAOC1W4SYWFVM7SYJGIYEL6GLI13JJJXCVHASEUVNQ2V 3AGE7RLY3PN8KXN8DHF3XK AJ5Y9Y7KL6I23NCY 7IWDEPVVEQEBXU02YBC6NNS7FR0BV9DOG8GBARVFYGK6MCI22BDNBDW J3HR8MRR65PATMA97IMR1B2N2TDUMHTJ36QWEOH7F80GU 962DB0F2VJY3RWK9XSCB06CXHI33STGPGB77GUD5MWI2YSF486GINY8Y7IV1FD4T4B5UU2R7IBADDDRP6G8DYHLHOI5XFWJH154QBDQ4CRL8IHEPRVC9AW6FE66FA7M F760SDOTELKKWUG1L 822A3VFK PJYOU4', '880-12-2 1:33:29', '1208-7-23 2:2:57', 15, 13, '1737-4-8 3:14:52');

insert into Topic (id, sectionId, userId, replyCount, face, title, content, postTime, lastUpdateTime, clickCount, status, lastReplayTime) values (3, 1, 3, 6, 'S2TS828YU9LHLNVLW3GDMGUI2SFHJR7HY VT0DQTLFL9T0KI63YTJVDFCCD2JF8Q04HAO5AC1F2BPMOH9RC07FGJBU357ITV4CGA', 'I have a question?', 'B4F5LBHHM2Y22BRPT3EPMN0C7BPQP8NHOLGDFME 0SMMNP2QSYKNRH8AYQYFX39EXY6D8W0QD7G31JDSRKGEGI3W5MNB1EK82EB78MY6QIY7L25LWHMIGV9CG2P 9HPYKUAWJP 9HSCKJT4AW2DHC3LD00L6V1W1916I961GFRHX L4ORFIXKV26C5JKW0MGDHO4BH6RT2V 2H4 YGNGLAUKDWCWFLDSKG5WK9NR92NHOVA0CVXPPM9UFLI ACY1W2O RHTGSVN9PCX3629C3HSU875LD07UU5VKMDAIUFD5XWH35D43YQ2XYK4MCO6B9C5VOGP1BFWY0PLDAQQPAIT059VVWP24F1G5FI PED1LLA1X31UY A1HQPHBJP8F1HGQ9M4PSJ9 3ER5GT0LYSTD41QUPL6 6NHVH69RJYM2Y2S1OGBIX D4263FRLL1B9HYARS54GXUHOG3G4LKK55RPWM3 59CFV2CTC5MFOJCUS2EVP9LEUPVON1UI068QTJH130KQ JJ8D9JG GLXYQIXQRQE9IJ07URWI5RQKOKLJPL5EXHIK5BW8UVO6HODXJP7CJNJDBJWSA7894AF3 FC  C6DLIBMWSQO93M5HJ0U1KGM2 W8EJHMJDQQGITSTJ3TNLXFWSLQ4D AJN YRUXJK2 FSM6LVKUC13QGWGDSVUBXWCPHJ3QXQPLWIC529FF734SDHSVJSREW78XDGKARCI0UQQW1US8IHO80B1JWJGNF6EJE92FSFQPBNC 17AHR5EL1QJR XORG426PYYELLQYKO9DGGMDN4BSUOJS8WVXP3FINO1UF6T07B4FEIH 8L46OTHUDKVQQRQ2VPSUE4C01A2XSTPARXYJHFO D956VF8ABG2SF1R 7GS1BJ 6UOJ01FL6ICLL548I7JEL47HU5TJEIH7HCH15XFODDGRSGF2 1PQIYK IJJ1YK57UE6AYGPECQAL0HN3VLVM84OQODXL5KNUXERJ', '373-9-8 0:32:11', '632-5-13 1:12:38', 1, 3, '764-9-14 1:23:15');

insert into Topic (id, sectionId, userId, replyCount, face, title, content, postTime, lastUpdateTime, clickCount, status, lastReplayTime) values (4, 2, 1, 4, 'DD8QTP3WYO IGC5I4RJUCM Y4B93T75U281QXFA66ME1KTNVRR7T3Q1PXH2516L4OBEMTL1EU5 6O ORHK6IR2XN1TWE4EI81F57', 'I like this ..', 'SQ59URSQSMSQ8X34TOSA1VH RCQ183DLGNCUFT0673DE0DLSSCT75LUK0GVP6FBU4WIONM5KNWQK4LRR PA2JDS8IB4V3O05DXJEX3K1XTSOBG3PR5FIIAADB49J7E4X9 YNMHT9BE2AB6CRSR35EQEYVRPPNED562X2YCKHE UYO6AO8GSPFEFEY0GGITP9X CD3GND9P 9X9 PJXQWM5RRVDAVO07AQBPB2V28BF1SGFJKONQG2A I93K42N4S8F5MV1 VGW77L0BM VA5MATS5BACFQTSGGJ3CJNLXJD7JLRO6NJT4Y541V6PGGUXUCAL9BL9EK0HF0I3FRAABC1OSDKHOCXB9SLYBKFAX2ARAHBT9U0FTTO3O9FXL6XNYA712TVL1U3U2E68N8S55 EKDPG9M2U2K2KS2TXMKFUHMI5BX4FDTRPT0QWV1BUD58R6NNMCT8PKNSHKWGC23DB302T21MAS8LL55L9AJFHXUJL0RWM9AA 6D9Q9RWO2OQGPRB6IRWLGSB17110XK8RDBN0T7BLLQ3EYNP L2E64WXK7Q3W6 9QJLBJ8ADV74T5XRXDNBE ULK1O96B2IQ62C5XYUUG9XV4Q3F8AV6FL4KHQF30R16LT2UEGMRHOO0BIG JQFTMGPN33FHBCCIKAQTWC7G7X9PFFLMIM649FFT7XVSA25XTEMAY48J1 0BUO5LH9MQQM98C R5K41TBOJBSF2WKCMVIIOJYDP2345I5KKKIRJY35LOBV4QJ18A57NAKAT914WFFH3S390AFDDW 4OFTNE520G 4SPBYQ7261KC WU6NGUE2WUSHA2X7AB3LAI T8PTI3NKH284C0CACVQSQLJT7DFB4NURBTXCP3FJJ3A167OHBTCQXPMSENWMXAOYSSCK7YA5RF300Q1N6JK7LCFMOKPBH6DO6E8OM441FHKHVS CQU62DQKUNJQWDSRS61W8OL8NGPK4W5JREKVG4M UL2U9B5', '982-12-24 1:43:14', '317-3-3 0:27:21', 5, 1, '181-10-5 0:21:32');

insert into Reply (id, userId, sectionId, topicId, content, time) values (1, 1, 3, 3, 'I1FXBX00VFBWCXXR1TNEQB HUN0R91AO8TTCV8OA 41NC5OSDRCGJC3K2348EX5B0JTPBXAJNE8CIXPC1046OKD390QNDENGUJNK4RQDGSIB3THCGLAWAM2K 13KLH3IMFO35CJDV5PFN81SYQAJ0 0NM5J6XYE044HWR Y59IQ48C5OS QIUVS ILL5LD5H0TP6LUUCXCPCB29135DQ7CK6YV N72JGW 7MTSOO28VIO6DYVE6OV58 1THFU5HIAC IYKPUS6OOM67I526D3X84TH5SXKJAKX7MVLPK3DNBRC6UQUNDI SCB93GBXVE2277Y56OWBKK5QA3EPYP5HOHBSMU9RDJ0DE5YAAY1UA A88HTUN1FDEAO08RHAJFHOHTYSU87 UO0HD8KSGF8C2P03HL0JJRL562J99E13GBMVNK5D8MSVHJXK7ABA7D79GDO3PD3TG4TMRTYL QS82SX7BBB6116OEPQGX1T1DSMO099WVK9HYCE1WLAK4KBFAIF8CEK0VJMUDAAV9BPFW7NF7QXLBU7SHV072GK5R7NMG84FMT Q9EWYMPD61RFBLA0VT819131EJJTTMDDQ6X9KP432F8HUBVFG S BT0I7KM9H0ULNBXRE620P69PJK9O3N6FPED6Y40A7RLRF3HBXW8HFSSERBKIMHK8081KCG5N1 KBSJPRWXR89AUR7SH7NV473WIMSHLYA 778BSUBECD2FIVUB8BKV 147QOIRWSL5GQ4UW8IP8GFLUQYFKWL3DAK16HJIPLT1UNH2CG297GRTY80RQDPWKJ4GX6OKMP4GG27NB0TSJO9T08V5KJNBT5TQIBHJAF 8SIXY47X33XWX5EMJDOYXGGW71WBIFW5G X2X3DU36CE7NDM22FX3TP0G49AFQ7LAOOU7MN9XQJAAOPJ0 TOQ9 X5X7DP0CM50I82156V5HWIJTAT4B2H7DT54W7J 7UIPL0GSUVDEIAUJ243VRSL3', '1263-12-24 2:5:33');

insert into Reply (id, userId, sectionId, topicId, content, time) values (2, 3, 1, 1, 'T4G XBQIL31 GQYBNV  HCY OIKAH91C4H97BXRF6IML3PV4D0IVKP39U96V3PCI3WW3G3QMLJ7UX23PPGSNDU9SLEYOQ5S3EMSH4NF CUXKOO6MAJWDXX1XWA5BUC9NK7MNK7AHVF42K9DFM 2OLYP7NK3UCUBS4F5KE4E2HJ7969IQ5QNPAQ52M4E J154EGCKNLISFRSJJV6672645T 2I5OV31MAQMBLRJ2MUWOW15KG1FB3VIFPW4T86RA0ALA5JP2OR2RRIWH8SPXFHYCMARTBAVAY6CQ89L916M466PH8IX0BF2CE34TVCVIWE35CLI UWA1ONWP95HOMKIJPMI59O DNWBCLKJC8P UBYMY3M0AM6QV63I99193YGT5JNIYFAY4PLUQJNF98W1TKM0T9KJEPTOMBP26M8PL C86HY 7STEIL95L5TDTQM8YL1M13 22TIB1S25Y9EMU1XEHEQ5G E4JJBD55 2MEPBSDJOE2KCAOHFNXO21CL9TWMBU1H2DG1AI7RNN7LWXDOAA9G01TKTIWG636PRP8 3 9 EX76FM 58UE7RIEKBEBQKJXR02JDBLKHJM3FWSEGSUWIS74RIIIRQEON23PJEF4CXCGU JJ4V2VDDJ07DXA9TNVBDMK5G72LTRFC8NDGJCW7KJ6XA 0BPW1KQLIBGAG5MQLAVIVR9P5R9XRRU4NH2DL654FJ5QFV2C7D 838NDBA12VHXXKPCY5QYGTP297I8QWQFJ2YQOLECYRUN5SAR99TT1M6I6XOD8YXRTVYQ4R3DBLEJQS0BGHVJFDNJIUY2C3WG3M47D1S1HMP8QM0UFHADE280W8S8QO0M3H8X79D6E44TETVWQX9PTBILODK 7H0A6M20NR09QF J3IITJH1BQ8DOUMJRPV36C88TSEDLSVK DACQNWN6CE7I AW9DSTT9K81WLJCJTXYXC4LMW3N11R2FSQGGL4I9VIKH9YCLN5NLC12LA', '1479-2-8 2:23:6');

insert into Reply (id, userId, sectionId, topicId, content, time) values (3, 1, 3, 1, '98BT633J0OF9HCBHGM2VG87U6GFIOODWXUUY06L OFTAM73Q9RGFCICUV2JL1NFKULH7AM6LIKFORQV 4OIFACJ5YGBVJ0U6LX6WCJQW7850HCLL3IBXCR2A4W66 MGMPI3T UVGER0BUAW14K4J1JTUXWRUK2OUKDJCD7TTMV899J0R3G9D89CDUAWRXQLUJQYC51FMAI7XIVV8T4A399UIA7IB2S MU6Y8AN8GRYF1UU1 XQWUSN6WI QGG776NIBY70F08OLRXSRL2QXC DW8PARMXOCNYUY0QXW0WIKURUXLQXDVB369032VPQ42QKYE2045SJAKUX3NAAE6QATOFM7PGOWKUCJMUK97V4YP OGD36CKL7C9UCX78JPD254T4S500WVMGKUGC5MVLWWV332XI88L278JBL8B TG5YVSL63XHV69BWXP15CUIF0KXAOO1H2DOILHJM5 90MWHX616GBIDMD1O9J8135D5NKP2LSSO MY9NHEJ2CVG1EMXYFE99UE07C YYPDO3C5KKRBT4EA2 EHHEE7MG7K8JBG2GW1R5P E17FB29OKN1 J2AG4XK2DAMV8RN6YCHGR9BLRUGPC58LWUPKSWJBFL7QEFJDS83DNGTSIRBLSI7YX02KMI0W0YS4GWDADSW35OR4DIXCDNEVF9I8QR6I7BUSCLBVBFXPCWGWR76IJELBSP1W8LH0OYO73RR4R 1VC IKKERCTHVCYTBM8UOFLMBEPMD8FLV0CRSQ714RPKIACJY3W8TYNHM4884JHXS3GWI5OFHBU55JY66NHG5X417RSLAKP 1UY02QHBT8RQOO9F3C51AUP8HCFNEYC6JK2L6KNV D3M8GCHLS7F3CRHLLC68I7D3932WVQOI9J5ARRT9BY0P92IJVOXW8MR7KBRH1TNR4SGLMMDKWO1LI1G26OHS9I17S2WIMK6WQJL69JJQ7RQF8JYP6JEJT786WRLT931SNJL92P2OGL', '763-8-31 1:8:3');

insert into Reply (id, userId, sectionId, topicId, content, time) values (4, 1, 2, 1, '57Q XQ7K42DOS0HRWKV4F60LBIIS28NKA6EBTA920NJDLCVJS5GUXILJLQ916XD62YU2D6YC9Q2BWNXI2951J2W72277A2VU8CS7T3MS24U E598IVA NW2GEYALUT15KF6BQG5SHVYG5S46S8CH3SU833N M1HLMO1H6H7RHBLBNFEYHX V2EOGKGLSSEFR PK9J716Y36OTLN41QY162N35BMUYDPA1H6UMBJIN477XM2BVR9EH I6279K47XR5ADWOGBA9KD2POI69EYVF3OQH CXPW7VJMTMDXK2FVJ 8NKEDAAYS47UFQSEI8GBD9DQPU8FKUO727BPCEQMVLTKUVN RU5VOC0I44T 5H H3VOU6YTEBSV2M16841H8F6XSIFJEH3R5PU3KSGAE5SFHH6Q7L087IHDT489BRAH0K6QQ P15WF405KXILMVNO4UJMTHG5XRGVPD4HQ3UDDCW6OF91NKFNBYA35DLM5EE61INYXN3V02D1B454J3DXLH002SF5FA8FH87WW233JYR4L DJKWG3PC6966ULGLYYABQSLUL4 BBRU7NBR2LIPNR4TOMO9J1KB66 6OTG23G5O58 0CSGWN8B53M13IIFCYKP4CJYBYID28XEV616YPQX4WRAI3X4UBW56V3035WF761TRMESRERHF5YVE0DN4P8CFCB9HM3AJQFYVEYAGGGWKO76U5HD75PC54LUD JSVVHW4WSNJPGITUFG8IE40DDY KTCGFRL8P36A42OQ7Y18ROWBBS33QG0RCFM4X9FXIROUTX335MLO51N0WVWW936N7E1N NRMOEQ4AKLVUQRQEJNLQEKMMI2529D1VI35TK27K9POS0HUJBUKJNI76 7YY R3EGSQN9SYB8WENS35BJ1S2FKFWQ 167QD552R23F UTK58VDN1CXAC1 UE4RQ1Y97AB6155YR4AXDHNG2Q 5HGDEP1GPM5WRRNN4I22PGS16SJ  X2N', '961-5-29 1:36:11');

insert into User_Role (id, role) values (1, 'ROLE_ROOT');

insert into User_Role (id, role) values (2, 'ROLE_SUPER');

insert into User_Role (id, role) values (3, 'ROLE_USER');

insert into User_Role (id, role) values (4, 'ROLE_ADMIN');

