insert into authority (role) values ('ROLE_ROOT');

insert into authority (role) values ('ROLE_SUPER');

insert into authority (role) values ('ROLE_USER');

insert into authority (role) values ('ROLE_ADMIN');

insert into authority (role) values ('ROLE_MANAGER');

insert into user (id, name, password, email, birthday, sex, avatar, remark, regDate, status, point, isSectioner) values (1, 'ejufang', '95b317f7ce7d377bda777f4b76d132a5', 'HENLX9EYQ2DA42UTYPRW0CBYFUTKN 0YWWM8O62QQI2MMKN35QGDA8B RTBD58D81CIX1RC00F3JTVNX46RAC FQ000SCUCIQDLW', '1981-5-5 0:0:0', 10, '97EU0O5S5MXGY69E0CTTNYP8T0ICXBQW3TGV23KMDXNKYJWVUMJK8L V7YT3SWILH2LGYGQF02JEDWOGQP3AHCMFBJ2SGUE6LN265N6W485E4U5URKPL PBTJQECIVM3FW2KCTW8GC4WD3A7SWMVKDEF2AWLQS07QTX1K3I LV48KKP1G06KE3P VJS78IWP11WX2Y13X1VIEAHB6UMVXVLPOJ8UE769OUDFHW6 JO2UYGAD62E1VUX40WJ1U68', 'EF84 2TOLEQR5JR5FTXX7HV T423WGDQ1OA9V9AX7MU65T7GLKJ9PA4VFJ6S3AR2G A77BKL  RQC25SOGXM47OCUNG7QWJILNJC', '689-8-23 6:23:5', 3, 11, 12);

insert into user (id, name, password, email, birthday, sex, avatar, remark, regDate, status, point, isSectioner) values (2, 'dick', '96e79218965eb72c92a549dd5a330112', 'N8NTVC8VB8D4QN8C12GYYEBROSBWXJKHRC7TJMKODA13XKMJWD 7EUYD2GE5JAA714 ADLG3O5QXMEYXU7DL52XV0JLQJY0RQ3Q8', '1988-3-4 0:0:0', 1, 'XQ8PPLL1DDBG6HH9YFYU467677 W8JT 62TBRLYBG41UGKU38PHD35H9EBROQOQWTCULKVY9V9Q1G370RK6GWB7OG8W7TSP 5191 3RLK2TVV6FTIBDKAJ4FKMNSNMMQVCM5RAQLYKF9B8IQW3X80X53DW0W9AJ8197FJNA3ULC4A JNOSG OVCPU9JWN2P25LWHWS3GGQ0C9EUV134ET2XXGQJAPLHC3W8UCGYIFEHXIQWALFV3UG8VY2WJ5TD', '7WY1503RTAWOFI9QOR BM9VJGNLOYE4O2J1QHM8CND R46IVMIRVSG8PW 3BMDWU3OPDA8D5066UKAF28U07VU47O3HA33I6JQ1P', '61-6-5 0:42:51', 6, 12, 9);

insert into user (id, name, password, email, birthday, sex, avatar, remark, regDate, status, point, isSectioner) values (3, 'admin', '81dc9bdb52d04dc20036dbd8313ed055', 'QFJIH8AFUFLQF8RX3QIPKAKOWT6WN6 8Y9PCLGA KV5EPL5M5FAE99VSP1JO4M2LH379C45NUTJH8S6T7K2P7GSEYO56X749QUI3', '1989-4-30 0:0:0', 19, 'P6IF68TSORRKWAKACB17O3AT7NU85QW4D4KD5U6QXVQM9QPSYNYBUU2D54EQQ0BK 0YKEFA1PN2R4W9BMEY2A6MPGGUBTISNVDF6N0030BAMJRL BTNYR71TC23I1LDLQ5E2ONNHDJNNN4F MHE5 WOVNTSJ1NDPXN4P89NYVC9TNTPQLFCGR265O G9HTEF9MO95NTD38 VPGMRT5DDYIH5A8A549BE48UI9J8S61E30NQTGG90EXSHXMCEN08', 'DKHJ2DMX22J S40Q0CU7I7HNJIENQYJR4TBK2LN3J57VOIC SELL5D4NL RW2IVLEIEV6DYODMGQ87UODP9TAKQLD9L7XI1INO0R', '569-3-24 5:28:26', 5, 0, 15);

insert into user (id, name, password, email, birthday, sex, avatar, remark, regDate, status, point, isSectioner) values (4, 'adrian', 'f3bfe3b4590c56eb5c513f8e8b16ae5b', 'KV16SBWO5QD98K0H08CMRPCPI1 S7CDRNTXXGAQU2R1E8PHRTFE490OPQMCHFCUEJHIY0KQ05K6A767QB8M9LE2S2WO6VG88MSDX', '1984-1-28 0:0:0', 3, 'FD08XFK8EQ2 JWVTP5MF5YWLWFNFUV OEIW7MK9HK00VTKIXI4A69LWODB74 J2AGFAXCM3USPX48EVHC3JKF8B2YKKSWJY3UOYCKJEJQ2CGTQ62KATEFUI4WOFKGPDDY817DAF28V4E4WIMNJ1BMGMHMPWF1YTPDO5YGYD48FMAGDVD95HO54T N7J3S7SWT39X9L9TWLI8RK8R6 TPOX4UPB6 HEN444S6S94EJRY4MYDKCE5BLXFIPO8GJJP', 'Q5F2GW85W6OMHIJ2RPU1LHNIOXBYUPA90ABWBW5F3G8VADX5DLBMH8HEUO9HFC1 C14WWUNG9T8KLAOJYWB7UHF6UJPVGT 84IL ', '1631-12-18 13:55:21', 16, 8, 8);

insert into section (id, name, profile, statement, topicCount, clickCount) values (1, 'Erlang', 'MNS7117SGA47CFUVYCDF4W0FV3DC1P4ASYCCU05LUCT EX4H0IPWSTQ9AQCGOJ1A38TWQ17INRF46RNNQP26FPVUBVXDWTY2GXDT0FL5CFLV5XSEBHX3UCBV51QN6HF8ERTQ0FS8YKS6R79VKVK1XG56L91KY9BJXYTY28KO V6NIE1EP807JNUQWV 1RYQUL4UGMV0K', 'SR4SV MWFDM4QA3XVB2FNG8 L6P 3I6RN Y0MJH0SLD44VS9 M3J4OPDTV30JDPN2JS37M6NI1MBRUSITEWVJLO F9NVL7V QJLCWG3 CREUOK5RDXVHRV31Y3BX8BXEYG6Q1BTBI7KFRC894X48M8BYFKTCH0CRG81W19B5UAPI3ELF4HLJ18UAC9MSDEV1K4H2ACS4', 17, 16);

insert into section (id, name, profile, statement, topicCount, clickCount) values (2, 'Java', 'HFTGY5DHKE3DKG2PWOFN4429GA2S2CG31QGKL1TPILEXY8TC V3LNA0Y4UIAVIJOSNOI3J6XEFC QDD5 1EQXWICSNXTI45TCIUH01J1NX2BU39QC7MOLASW2VVYJWG7X11C1UB57IIACJBU0RQKBPFC68QYHGYP8A7NU36KI1G AQNEGJJ9TA5IVPKQX8EAHT0J5Y1N', 'MA85PU7S030IYAJTV52QWLIC5WO89GO2PVB2OP61TPVX9UJCLN758JM KMHYEFSWI5WM2W048NG7058XMJVTG4TEPVJH706QWNPW29G FNSF7DARP1O1P6X81KBQ8U5UD8BJTKHV3TRAWMQ70R2W7C66J1191HAOW9 YJGG2GPY86XRRAP8158Y7O1QA8CJSYGS3GGX3', 15, 10);

insert into section (id, name, profile, statement, topicCount, clickCount) values (3, 'C++', 'LRD4TONIORO9T44DERBRHPT5IK VOE40 CK206 E81GQ23N2KANBT4ILKTA49CYCPS3U20LF7F0IC5FYPI17KQ22ID1HOMBKEMU66VR75CB1I0CHO3PYIOC8PB0ORYAP6OECJCXD8O1HFEM8V4PRB KU19S8EY7 P98EFVYU4MOMYVS073UESJ3UY3S8H7PP50IY4VVM', 'B9S945X1TC3SSE0CIP6OFU0WMWMMU1SMYVF3X51XFGG5E7DVLMY B67YF63XYL5F6AU2QL7BFBURA A40QEDJLUYI8NW5DGGENS8S5REOKKYT DOEFOOV3Y4HDH7RJFWGJS9ABEGL8PNCBF7XHOE2QSTIDL5872YSY6FJJ1V3S6H90ML924PVCYKBERNWDM3DA RS7WA', 16, 19);

insert into section (id, name, profile, statement, topicCount, clickCount) values (4, 'Perl', '1WIV0XJR5VPEP8OCG85GY4PE927CXN2UNJKCKY0JORNVXUCLYFTCR1ER9X4K8E6W80PTLAHLAGTNBYB0JVIYY99KYFQ6D848M8JP44LC2264R674Q4Q1IW1UMYFHS52I3GF15K9CK4FG7YTPM6R0H3SO56AGW3KIIDKKTNMBWH2DKPAKUFOW0RTEW87M7VB893WO6B53', 'O3LQ01CTMRGE4RB130IBAXMVOB4VGIHGAGFB29B2SL YOO02M66DUO 3P873TMK9HHWTXEHN1YPIFPFM6AVS2BQM0NQCCM7SBA0H34525NHS9DBUL4I4IHCHPLU8EGR9DDJ761SXHVWA42N28VRKSOFYDHL1H1U1RM1IPK90YAC2 4OQY420GC D54QN23DN4CWOD5NB', 18, 5);

insert into section_master (id, sectionId) values (1, 1);

insert into section_master (id, sectionId) values (2, 2);

insert into section_master (id, sectionId) values (3, 3);

insert into section_master (id, sectionId) values (4, 4);

insert into topic (id, sectionId, userId, replyCount, face, title, content, postTime, lastUpdateTime, clickCount, status, lastReplayTime) values (1, 2, 3, 19, 'G4JT H0V9GJL6Q3TEX3JMSDSJWU8U1UJK271RNQ0EI0GHJP7HKY72 XGT6HXDTKJUYQK5944OVE6AH096F1K0MD3HQ8KCHTDCX2N', 'I like this ..', ' VV7ITL00NFENUKAGH3BRANX0A2UC48F2WQO2XU0HXN2MFQREEO7H6S62 J7VE9LYS2R0NX2YWVF8831MH1FC10BMFX77056CS9I9GTKGOY8DNOASXNPJGPM98PP 4URW4X7A69L1B1EJJBELVBUTHY IWLRI8 HCW3832QUTSG1S2JURE6VFKOW1TOGIA35E4W76RKOWXXCLVRT3HJW7LKLFB75BKEBVPXTNCT5HJDQ2134CY39GS2XFMSBSVX2JGW 39BXQ81RSYH8DLQF2UFFOTCK9BI9A4YQMEQCWNF4WHLA04O DTP9   PNGQB BD9W0HG78CO3WY252FRC6N7215MC8 CHLUX3TRUXEVGJUU0PYRMFUXTQTKHD1F6RD88 VJVGFDMYD98M6QPL3U7U38H7M 6S1SUROKH1JGHM 2HX2N8DNK58HF1U6EGJUXL85EB5T3KBJW5KR6MSK13TLPQV95Q1YGFPLDM5AFIDC3CMG5FHEY6IVXACVJFDFEJ1QKDHW03M2VR65SCH2U5AP7LWFNLM826LOW4MGJAGT6SCQK9HUYG5CYNPPAXW91SAY 53O36T4RH7366NIC420VNFW3TCB80JHCCF8024U3I0YOBP7VW4SVY9NH963TKCN596OWCDBJ7VYDYUG57EO92Y OYM57E75F5YFMM194M3OUNU7L20KKMSBL7V25K45 UDVCM7UREXKY10TC63BJGLG0097MAO8DV49K9EK1VMYTW61EWUKCKONG12WYY CYHVR JRDF J6X7P2I9G1B0XK9LMDP5NVWFCHMOXL4D1EY3HG5W6655P9JLBRPITK2ABDS2003CHOWUX6P59HQD 53PK43W7M65JC17SS4UB01U N7119A974O6SDAD0NQVV68REHRG BWQ6NK5TSCMDGNXGD 10L W4MJLO2CFYEC8HDET 7OC0TAJ2V59GXXD77CNVW PRYI8GF5YWKCG59LA5K2I7EG1', '997-12-27 7:7:19', '1238-7-19 8:12:41', 17, 18, '1537-3-21 11:54:1');

insert into topic (id, sectionId, userId, replyCount, face, title, content, postTime, lastUpdateTime, clickCount, status, lastReplayTime) values (2, 3, 3, 4, 'P EPXBIJI2Q5BA99093PKKBQ80XANE15 E5DG2 03PT58BAGNHSJP3QOGAJOUB6OK 7W6R7M0QKPT4L1IPD 257DI2I1MYVE33MA', 'Hello World!', '1JD2TSKTXMQT7T071VO8FCA1808EJ95DIYL7VXR02WQ5B 1TTYA0XW0CYOIQD4DFNUAGWX16Q7HOXQYPQM4CA83FXXYH40B FF0HBQMUKX7UQACGBKCWP3N5S30QPCXFWTJ03UJ6A9EEXBJB4DFKWKK07CAPM WU431YP L2KEX58UN4QJ4A35K8YSQWU6TW77UG5GC04CT2WALHRHFA3T4MQFLTWKW0A PPYU75R3GCSK1KVIPU6VHOB7D7V797H8H4869C7II96WG8OUJF71OJJWUYCKQ61MH7JXG0CCVBYY3 YLRNIII 8834FJY86O6Q0XJB0BS2ITY1FSKC1SMJAWHVUDDD3YDIDFX14 PCQ W5UEDE6VB9LELLPR6A5S6KQ3XNJUG23BGV09WXX2TX25ERRSB9LIW2W L78A2BM42AS367R720OK22A K9TB7E3LRH8NUBR2S80KGMOFQJGU2B17HX7B0 3R0WH3FIMBN4L9AQACCAE66IBSDJ5IJH8TRI2SQFQCA3FNJ9NW7NLNER FC03U8PEF722QXR929WJ2B3DJDN383DF9AYJ4WLXP9XKUGGSUSYVT1AM0P12SUSKTVLX3JAQ5O4P 2GJC DF4E 2KS6M4JMS0KUVEJ0BOYCNVS 6RNTA0CJXT21 XBM37JAWLG8LKG N5XC MEQKJ5HYQPCBSNP 5V4L47I3K7 VF23OVO5BKBGETPFX88YHYA8MBXKWU22L32TKUMRPYO93TT91O4K68F4MH4BIVQI4K3DIC7XXEBWC1JI0FKY5XM0ASIS2MKBS4JOUH7O6IMH248G5Q5O0E QDA288FT3YW5WGW3NOU8AM2 3VPPEXFFRK 4Y33G5 0WASJ87QT2RYDN IEE L7P9QR9IFP9FBG29STOBMSEHIWWGKRMF8C91NFBJFVRHD37FXHBLP0O8BW6EGM2XKSCL5OGXUKANOS4I8RTDBMPWV1PFPQPSX 01543L 50R', '532-8-21 4:4:4', '1618-2-24 11:2:47', 6, 3, '1844-10-28 13:32:26');

insert into topic (id, sectionId, userId, replyCount, face, title, content, postTime, lastUpdateTime, clickCount, status, lastReplayTime) values (3, 3, 2, 9, 'IFA79EJHHPDKA85IA CCX222417861SMDH93WTI77HP7KBKVK6HV8VON3O4MJ0D47SSD 2MSFACU45IUOTQS1Y3QRDBSV4C92KER', 'How are you?', 'P7 G99KLUPJK7GHQUSTH3P24J9WQNFQG1 693YSUR7IF LA9FDXNE75B9JWM7L7W7NC6BBIFH1AW9CPJ1WU3R3NOAACPJ7U0UMHK35H7IYPHP13SBTORKDO NQRM2BXAL8TY3P9TDM0UHDJVWDTQRH8MC0 4QBE 3QV1IK7GMPNWBFYBGSXASB1NG555015W39GM3TF0UMDLHR2AQ5XUO1LT35MRWOOKAWNP3WU1MT74PABMHH3YXD7GEU37 UE5GKTHBN3RNMHRBC TGOVDNBXMH HUANGFD6L74DO K8R04N30GJ3 EEM0LA1AEGQXWGYDBPT93SXHJEF0DUTSCFXXX9B7I6 QU42LCQKR A5 G2NA17E13Q8EQG1F90OO4RFM2WQB PUEAO2XD6F2V S2B8C1UN26OTUF05VDWVRW KVQA5WCE8K8 WJ6 58BERB23RD3LIVP2H04RJXLV1AW3OB5Y0 WBU7TVEE9WBG7JN76TK1M59IN0MKHI2XAGA52E7VDPV4Y MYMGEYEI7LS5SHT0MHLT80C8OHH KNQGEJVQ4Q2SML8Y3LXBDSIHO DHQSDNU6DLC1 RPPWDLFMXCMSRFUFKJJ2TP0GP 4WJA9ON1GD5OQ4IBMIB9DE8PEEDB7T647JYGVAKWV1LS PBMXCDTV3MVLKVP973ECM4EAUO 4QOAFXUT5QYENVXPFXKFRYKTSNP7N17WMBVW0YQC58KPSRFRIY7E36Q93909 6D55V7RLPLK5M8W6DBINA20HJOJ2BUE0AI5NN9HPP4RKQIIF2YA1S10VFLDTQJWA0W7H05 Q5Y35OJG TME3CFK TQEOO C4MVL5IGOSUVNWMX318O0J459DDA5BEJTL3TEJUDASBLE3YU7LLJ7CEL1DGK2OE6SL24ORUK2GPW8D6 XEWL SLRC01TH07C3SR8D8J9J8TNYJYLU0OB8FA4X7RFMRL00L5MCO47QF5NAR4EWS96S38P0KW', '659-3-27 5:7:59', '1908-7-23 13:59:27', 19, 12, '240-1-24 1:18:3');

insert into topic (id, sectionId, userId, replyCount, face, title, content, postTime, lastUpdateTime, clickCount, status, lastReplayTime) values (4, 1, 3, 0, 'L29C6BVYMQ0GUC OXRBHW28LYCXKGHENWO33 7OQW1GUWLYQLLO9U45HJNLSFLV10P2FX0WYPYHB5V2TONSID73LGT5TLDMM6SGX', 'Thank you!', 'RPQHQ89SSB2VP11STTGOQHSHPBXC07KF5R XJUSY80M9KAWJ01BRDEYYEHAN6HEY3QV51AYIJYW 4NNU8FBNPTYXWRVDRB2Q0J0JCIB0AMQR8TMRFAQULC78RMNWYHCOEXBL4S8O4F7LCQ12KU4WG 0ENEVRE8SDSMX1ITTDONPKCWS5R8BN95BO7A0LA7R1Q6DQ9R0MMGWXR4N21IEYGN V6HWAEFCLS4ENM2HLP P4KO4KHNSX2PJJ81NS DFKLU XBQO5N8EOB6H 8H4TMYER7WLATWR5SNHXP1WQ94GD0PTEHSC 8FOFUXE298R72SH3LQ5IBFO2BQYFD8R FLB YX M53O93DU2C 9AOY3SB3LG6ETJE9 KGJJJVIJHNFQLWBTJ794RP42H4RBITO7Y7DLLD 5OHWLONP7DTXCCMGN6HQDWUJ8L3XWQ3E4CEM4DKHLKFEO0U7ASMLBV7X5L4KI111SM9CBX5HWI10CGKUQCUJTS79QP8NSROMBAVRHRFTVBL0SHLBJGJPQ4LFMCGBBA48OT7D6FX3 Q6LS39W1D43CJPR7KUR 6WEJB4O8OSBJ5TTEEEBB22M2SDWO4GY0651EJL2SDKULLMOWPDP94S3PU0Y CEVT4IGJWNS8JHI TO0WH3KKRTBBUIGUCTA615F1H928D5ID66NAA0UNWQV61CASQV 33S1P1I T7TG5OA98W2VR41BYUHS4XSMVOMU6WGI6K8DI 9H78TEWMC3HUFNXWRP48FUV68LV3MNFH9RVD8LUABL S712B3RNGJBXK00PLV6N3NL9JX 7NL2VJEG6I13O4R2CDWIS296OJP8P4YLBVVPW64VPGY1L6G9VN5PGMN9W1RXPN PBTVJ3W0LTQ7P3SJH0204EJHJCM7T5U464YCLP27FIP4977DO3XQ8J9OEYWFX6J35EH2QC7FHL96M7U 968NB3EORB3U77Q48P6WSWYVDK1TQLCS15M1OLOHUX6', '1136-12-20 8:13:26', '358-7-7 1:59:25', 15, 14, '870-6-16 6:9:36');

insert into reply (id, userId, sectionId, topicId, content, time) values (1, 2, 4, 2, 'NYVU YFLG8BKX1N97VJ0QSNGS9IWDH0 G1 PUYT0QSQ3QYEJP1WJ9TR4YDM 8UPL8MGWBCG3L5B24D22BD8RXR7FDCH1TCXVHDI2R5OBUYHL0S8FIPBKB12CDEJWRGIEO8JB24B4B4RBOK38P44CIS4V55D 1E1T3I2BEU11NTTGUUI541P2V Q1WDT926PT0NQBGM0OHJIOMJ1U12C7ACYXM6Q7NNB3LHE08M4JA V9ICT1H6HQ DKMA 8T1CEDV42O7P AH80 HPPIILO6NDVASGJNTM5ETWW48KPKDLA4TW600TMMAFY1UI1R2OC 9G5NKO817M4J9YECTO9NEDG34FBQ7DG 1RC5VA0F186K O5DN6LFUTRO8P2Q3GN6S0207F9G K85JOWX5PUJW9U1N44F EPJ3N453VRXX18OVBS UVC89TCGSSI0IG1XHJE0E81LQE95BSJE7MM70ILAW1E6SQRBBN0LEV7B5MK1O M7J5BQN3KT7I688 NPXC6FTY2YT0KD5N3C5W9J23VHT49XSW32I9CIRF2EB4UQ9BPV6MH0LVSNR3BMOT5G6A1HPYBL4R2527UUOE1XWH9SYX44MWL  L0FM2LHL46AWGLDOJ9P6UVD7CPVQ6RQTN2YS2B20K5AKUNJ0ML9VNVWAE3QHBPTJ69A XIDKR8TB2CJHJN  A6WSFL6TV4FW7S4AK FDQP3QHQITG6WU0CYB2M604CSI2 OAL2BEO4VUAHQKT3H5UKN95S8T6E3YABPXDU6K54E2HYE9CHR4KRN1WSEDWXMPTHJJ404OYJJ9S3SC2JA9REKVQI86VAN4Q90WSWDH7BKMRK828O7KRQ4 E1U7LEJGHLG64J3L8LDTPO3QGG3EQJ0EXKWS8YMWSNRXNLKIQNCXQEOFJJ4JLD14LGIOS6AJNND6OE1PNXGCPCG7NS 60CY2Y7E212YDA28AAYSI504 ART067WVHAL XISGI62ACHT1DV6', '1012-9-4 9:44:1');

insert into reply (id, userId, sectionId, topicId, content, time) values (2, 2, 2, 3, '6ROD3WK9OUYMN9OSML7FWJS53KM6MKGLUATODTE90MEFXEMFKE9NP8TNI4ETOANDMRI6V GDMQ 4GQWFB2T7PJU66EVV7S20FJYD38N43RC2IUYPCJ6I2118K29VM1YW67JFX3J4YIA5O4W9X3TFEACH42X1RT9KMQT PXB I2QQ0QF4CBCDPG9K7PE0TPKIG9F82VVC3TTTXM 9P HAEK041GC H 3BAAAV7TPXWFST9JMS277N9GEUR3LPQUPKLJB5LG G0U1R9 1TDFKHKO IGS7F35 TT1RU5AKMGB66L8NFH9TAXLVU2U8 DK3S84U99JY85BW4BEFU7OC6DCYMHW2NTLX32E48L894WM46VA475XORCWMQFX5C4H HHO64C8A3FCVI5L1QXHK4OW3 N42FD7FPG6ST12J1ETCRFO6Q17U NW2AO MT1M4HYAWSN63UBOW4DR6GU3IHX32J09Q 0BHNTRM IPPHMT1A4TE7NLSEJL4Q30IWKNP1TL7VFKVVPGGI3MRDN9  072S6K63FQKIK22IKIL2S2XM9PWB 3K05J8RIK4MNKIYNPQFI1O12DGWWE4FN86SB0QO6WY1TUNAJEYQ8EHVLG66RSB6J6N65RAN8RCGT1RIM9L05P2NCMDUWS31JPXLRRAQKK5JXF8K5OPG2S5I6GITW2QICV3XORQ223FGY36IBCGQ5A3LYV6IO134M GMS9DVGCDW0VAD98711KX3A 5XKXSGVNFOFLIBDNA3MD09WLG5RVB7UABJBTY3LRKKAS5MDKOTQ C98YVAQ4L73HRE2FJO5IMDIQ 2W 6EQX I048AS4RDHKQ2EC2URCHMN3CYD0MMC4B8Y7KI6DG AVLNAYOBNY8GM95K14 VRCDLPKYSI7 ERWWQ3D8TVE0HSG2B10C0J4RUTUOJVPA01KBIKI83EY8VWODKJO IPQV9O07PQR165 RNW2VX58FB4O1PGDDALAM5OA4PW1FD', '616-1-27 6:52:17');

insert into reply (id, userId, sectionId, topicId, content, time) values (3, 3, 2, 2, '1J6DQJV5V17200M9QN2V0OQU146KPYG1LYRG 5SLCJGVK0EM5DT76IFPXCATRROPI7U540P446404SADFNIWO9O3E II7FBVIIVAXVEPQMDBI8V17U80I33IGE27IRA34HI8MDB8LVI5V1B6 O7541YCW8C2JB5 UVJTTWJP16 DUNKE63QHCV64LCUONG351TXGJMT3B3EEFA4C5CEND5BC6 AAIA081OQ48HKHJGI71 7P5XVUV7ML9JIL8QEY0499Q7UXSDA8GJN5AO UW6 FBTJTCHG013WVABCH 8RIYJXFNNQWUXXGTUHQS0 55U8HK3HC0O7L4C9B77ASM6OC0XONVKH5AU06LL9MMP I03GKS1XVGD3R4NMFD65T7X2JUPDIHINX1PY1724 1ROEBVWFDOQ0P4HP725A6NXW3WWL3GHJFCL1LSBIHNOKDRFBY2L57WO6F6333QSG4 OEWTT6MG6EQJAKRXDFYBWVNR GNN0508EB3NIB5AXHACJ6PLREP9SSVRNO7A6ODHXMWCLGV2DRCCWEBVSFNFN4KYVO1 KHWV06 4JNYJM76141HA1WXO PL 1ICBLOPB5UWKVEY6EVX68CI5R7K8FU987797RSBKFM4JBTV94SPTD83KYUGKSE8W5UTUU M3ME25RJ4WT3G9S1EG67FH0QNW7IXOOUY647YS8OHW6V33 PXFOV7 8SY FEGGAK3V1106XX6WMBD8IML DCHEO 3PIM46VV302YA87ISB4K0T5SSCT6RDTCEBTEK6RYK8N2U9J6DCEVLBUP7H70HR7BKXBYD0FNFYSGJRL6CXRGNFME18GF1RK QDPKYKK61B698J6CJV6ML5QFT514PSTWFCAJQ0XF6B8PLPA 6NCNPTJWIL7SMM06M715YPJQ OWX9N1 WMJW9YNGIPR4V9CGM8LTTFH 1XW8S QRSUPQDFO7LD7WG 5V7C8VD50MCEJVLNR7A9HK2DJWWCPW', '413-12-5 4:11:30');

insert into reply (id, userId, sectionId, topicId, content, time) values (4, 3, 3, 2, '9D 5IDXSN4MKA5S50WQT9G5UB77P212X2AII5T8YIXUCM2ADC8GK XM YMUD3RQVLVKP11FXTDGYLTCXOERY4UGJRLT8CKVKGK31M4F57LBXRSX74GS3Q9Y1DDK2N88 51BCM S7C0JD78MMMSOKDYY CHQ78E9 4BGX9BRNR9AW95ON2 VFVG107S4KOF1LOM0P4J73UB MTA1S8 VEJ4EQBDOI2IBT2IL28WN6 F3827AJTXEM44XTYKH0SKIPFTX00FBLD3CXOAMHEB9TPB4WC4TJPCO9SN Y8W0066KGNL 5HVH8TF6RJW322CIN4EUY5XA6GOQ2H2V7GN7MDWW4L6V5IWFYAQPJDVBU610K0DH9O RCQ0TQEGWU40FD2M0RYUUT7VPAH Q1CEL6LS2GRI1QBL733998BSFWB393L426KUDI41F2GFD 093BY663CF4 6YBDDUPHEEV8VDDI2J27HF3B57N088SXDXO1CYFORK TS50N5HHLDAVD3EN5PHTOER7JE0RLI1V68J5F654WTUQS13EAS7C5OJ1WSFU2DTQT0H6SGSNDAUNY6X6N 82DHKFL9CFY160S9P6R9UWRPU87OVI147HA1IQOVN042O9MLPXDS2UEC4R I31SJIL0G7JR64OJW66FYSSN2IM4YT6PM3JQXA5LRWJX2865XSOSS TP3GICNT3VUL 9CKJ4W NUV8YXFWSWU5QOQK WYSPYVPH9B SRP9UMC73WL8OEEXXPSONAS6 JDPA8Q5KNWPB1L0B5IROI QD Y 8HJ7F5W7U4YB914NEA57 Q7OC OQRPUWNXVWAEW4PGOKV3 NM5096RJKB3WWF4Y60P01FXQMN80S24VMMXIBLDD7DNG0EJOSIDH6DDO5J2JM5F7O6GECLREQJ MK98D2K09PCGVFF26G3A98A2U3558GWY XDK9JO9PR4WFHIT9II4611NF3 RF3R N5NWF3L9M89FBL6JKTQ9', '689-8-26 7:19:4');

insert into user_role (id, role) values (1, 'ROLE_ROOT');

insert into user_role (id, role) values (2, 'ROLE_SUPER');

insert into user_role (id, role) values (3, 'ROLE_USER');

insert into user_role (id, role) values (4, 'ROLE_ADMIN');

